--
-- PostgreSQL database dump
--

-- Dumped from database version 9.2.18
-- Dumped by pg_dump version 9.2.18
-- Started on 2018-08-15 22:01:45

SET statement_timeout = 0;
SET client_encoding = 'UTF8';
SET standard_conforming_strings = on;
SET check_function_bodies = false;
SET client_min_messages = warning;

--
-- TOC entry 8 (class 2615 OID 85731)
-- Name: notadinas; Type: SCHEMA; Schema: -; Owner: postgres
--

CREATE SCHEMA notadinas;


ALTER SCHEMA notadinas OWNER TO postgres;

SET search_path = notadinas, pg_catalog;

SET default_tablespace = '';

SET default_with_oids = false;

--
-- TOC entry 185 (class 1259 OID 85773)
-- Name: aksi_disposisi; Type: TABLE; Schema: notadinas; Owner: postgres; Tablespace: 
--

CREATE TABLE aksi_disposisi (
    id bigint
);


ALTER TABLE notadinas.aksi_disposisi OWNER TO postgres;

--
-- TOC entry 186 (class 1259 OID 85776)
-- Name: aksi_disposisi_surat_masuk; Type: TABLE; Schema: notadinas; Owner: postgres; Tablespace: 
--

CREATE TABLE aksi_disposisi_surat_masuk (
    id_aksi_disposisi_surat_masuk integer NOT NULL,
    id_disposisi_surat_masuk integer,
    id_aksi integer,
    aksi character varying
);


ALTER TABLE notadinas.aksi_disposisi_surat_masuk OWNER TO postgres;

--
-- TOC entry 187 (class 1259 OID 85782)
-- Name: aksi_disposisi_surat_masuk_id_aksi_disposisi_surat_masuk_seq; Type: SEQUENCE; Schema: notadinas; Owner: postgres
--

CREATE SEQUENCE aksi_disposisi_surat_masuk_id_aksi_disposisi_surat_masuk_seq
    START WITH 1
    INCREMENT BY 1
    NO MINVALUE
    NO MAXVALUE
    CACHE 1;


ALTER TABLE notadinas.aksi_disposisi_surat_masuk_id_aksi_disposisi_surat_masuk_seq OWNER TO postgres;

--
-- TOC entry 2960 (class 0 OID 0)
-- Dependencies: 187
-- Name: aksi_disposisi_surat_masuk_id_aksi_disposisi_surat_masuk_seq; Type: SEQUENCE OWNED BY; Schema: notadinas; Owner: postgres
--

ALTER SEQUENCE aksi_disposisi_surat_masuk_id_aksi_disposisi_surat_masuk_seq OWNED BY aksi_disposisi_surat_masuk.id_aksi_disposisi_surat_masuk;


--
-- TOC entry 188 (class 1259 OID 85784)
-- Name: aksi_disposisi_surat_masuk_satuan; Type: TABLE; Schema: notadinas; Owner: postgres; Tablespace: 
--

CREATE TABLE aksi_disposisi_surat_masuk_satuan (
    id_disposisi_surat_masuk_satuan integer NOT NULL,
    id_aksi integer,
    id_surat_masuk integer,
    aksi character varying(255)
);


ALTER TABLE notadinas.aksi_disposisi_surat_masuk_satuan OWNER TO postgres;

--
-- TOC entry 189 (class 1259 OID 85787)
-- Name: aksi_disposisi_surat_masuk_sa_id_disposisi_surat_masuk_satu_seq; Type: SEQUENCE; Schema: notadinas; Owner: postgres
--

CREATE SEQUENCE aksi_disposisi_surat_masuk_sa_id_disposisi_surat_masuk_satu_seq
    START WITH 1
    INCREMENT BY 1
    NO MINVALUE
    NO MAXVALUE
    CACHE 1;


ALTER TABLE notadinas.aksi_disposisi_surat_masuk_sa_id_disposisi_surat_masuk_satu_seq OWNER TO postgres;

--
-- TOC entry 2961 (class 0 OID 0)
-- Dependencies: 189
-- Name: aksi_disposisi_surat_masuk_sa_id_disposisi_surat_masuk_satu_seq; Type: SEQUENCE OWNED BY; Schema: notadinas; Owner: postgres
--

ALTER SEQUENCE aksi_disposisi_surat_masuk_sa_id_disposisi_surat_masuk_satu_seq OWNED BY aksi_disposisi_surat_masuk_satuan.id_disposisi_surat_masuk_satuan;


--
-- TOC entry 190 (class 1259 OID 85789)
-- Name: arsip_surat_masuk; Type: TABLE; Schema: notadinas; Owner: postgres; Tablespace: 
--

CREATE TABLE arsip_surat_masuk (
    id_arisp_surat_masuk integer NOT NULL,
    id_jenis_surat_masuk integer,
    nama_jenis_surat_masuk character varying(255),
    id_ruang integer,
    nama_ruang character varying(255),
    id_rak integer,
    nama_rak character varying(255),
    id_box integer,
    nama_box character varying(255),
    id_lemari integer,
    nama_lemari character varying(255)
);


ALTER TABLE notadinas.arsip_surat_masuk OWNER TO postgres;

--
-- TOC entry 191 (class 1259 OID 85795)
-- Name: arsip_surat_masuk_id_arisp_surat_masuk_seq; Type: SEQUENCE; Schema: notadinas; Owner: postgres
--

CREATE SEQUENCE arsip_surat_masuk_id_arisp_surat_masuk_seq
    START WITH 1
    INCREMENT BY 1
    NO MINVALUE
    NO MAXVALUE
    CACHE 1;


ALTER TABLE notadinas.arsip_surat_masuk_id_arisp_surat_masuk_seq OWNER TO postgres;

--
-- TOC entry 2962 (class 0 OID 0)
-- Dependencies: 191
-- Name: arsip_surat_masuk_id_arisp_surat_masuk_seq; Type: SEQUENCE OWNED BY; Schema: notadinas; Owner: postgres
--

ALTER SEQUENCE arsip_surat_masuk_id_arisp_surat_masuk_seq OWNED BY arsip_surat_masuk.id_arisp_surat_masuk;


--
-- TOC entry 192 (class 1259 OID 85797)
-- Name: disposisi_nota_dinas; Type: TABLE; Schema: notadinas; Owner: postgres; Tablespace: 
--

CREATE TABLE disposisi_nota_dinas (
    id integer NOT NULL,
    penerima_disposisi integer,
    id_log_proses integer,
    status integer NOT NULL,
    "Keterangan" text NOT NULL
);


ALTER TABLE notadinas.disposisi_nota_dinas OWNER TO postgres;

--
-- TOC entry 193 (class 1259 OID 85803)
-- Name: disposisi_nota_dinas_id_seq; Type: SEQUENCE; Schema: notadinas; Owner: postgres
--

CREATE SEQUENCE disposisi_nota_dinas_id_seq
    START WITH 1
    INCREMENT BY 1
    NO MINVALUE
    NO MAXVALUE
    CACHE 1;


ALTER TABLE notadinas.disposisi_nota_dinas_id_seq OWNER TO postgres;

--
-- TOC entry 2963 (class 0 OID 0)
-- Dependencies: 193
-- Name: disposisi_nota_dinas_id_seq; Type: SEQUENCE OWNED BY; Schema: notadinas; Owner: postgres
--

ALTER SEQUENCE disposisi_nota_dinas_id_seq OWNED BY disposisi_nota_dinas.id;


--
-- TOC entry 194 (class 1259 OID 85805)
-- Name: disposisi_surat_keluar; Type: TABLE; Schema: notadinas; Owner: postgres; Tablespace: 
--

CREATE TABLE disposisi_surat_keluar (
    id integer NOT NULL,
    penerima_disposisi integer,
    id_log_proses integer,
    status integer NOT NULL,
    "Keterangan" text NOT NULL
);


ALTER TABLE notadinas.disposisi_surat_keluar OWNER TO postgres;

--
-- TOC entry 195 (class 1259 OID 85811)
-- Name: disposisi_surat_keluar_id_seq; Type: SEQUENCE; Schema: notadinas; Owner: postgres
--

CREATE SEQUENCE disposisi_surat_keluar_id_seq
    START WITH 1
    INCREMENT BY 1
    NO MINVALUE
    NO MAXVALUE
    CACHE 1;


ALTER TABLE notadinas.disposisi_surat_keluar_id_seq OWNER TO postgres;

--
-- TOC entry 2964 (class 0 OID 0)
-- Dependencies: 195
-- Name: disposisi_surat_keluar_id_seq; Type: SEQUENCE OWNED BY; Schema: notadinas; Owner: postgres
--

ALTER SEQUENCE disposisi_surat_keluar_id_seq OWNED BY disposisi_surat_keluar.id;


--
-- TOC entry 196 (class 1259 OID 85813)
-- Name: disposisi_surat_masuk; Type: TABLE; Schema: notadinas; Owner: postgres; Tablespace: 
--

CREATE TABLE disposisi_surat_masuk (
    id integer NOT NULL,
    penerima_disposisi integer,
    id_log_proses integer,
    jenis character varying NOT NULL,
    status integer NOT NULL,
    aksi integer,
    keterangan text,
    id_surat_masuk integer,
    disposisi text,
    penerima_disposisi_satuan integer
);


ALTER TABLE notadinas.disposisi_surat_masuk OWNER TO postgres;

--
-- TOC entry 197 (class 1259 OID 85819)
-- Name: disposisi_surat_masuk_id_seq; Type: SEQUENCE; Schema: notadinas; Owner: postgres
--

CREATE SEQUENCE disposisi_surat_masuk_id_seq
    START WITH 1
    INCREMENT BY 1
    NO MINVALUE
    NO MAXVALUE
    CACHE 1;


ALTER TABLE notadinas.disposisi_surat_masuk_id_seq OWNER TO postgres;

--
-- TOC entry 2965 (class 0 OID 0)
-- Dependencies: 197
-- Name: disposisi_surat_masuk_id_seq; Type: SEQUENCE OWNED BY; Schema: notadinas; Owner: postgres
--

ALTER SEQUENCE disposisi_surat_masuk_id_seq OWNED BY disposisi_surat_masuk.id;


--
-- TOC entry 198 (class 1259 OID 85821)
-- Name: feedback_nota_dinas; Type: TABLE; Schema: notadinas; Owner: postgres; Tablespace: 
--

CREATE TABLE feedback_nota_dinas (
    id_feednota integer NOT NULL,
    id_nota_dinas integer,
    pengirim integer,
    created_at date,
    pesan_feedback text,
    waktu character varying(50),
    baca integer
);


ALTER TABLE notadinas.feedback_nota_dinas OWNER TO postgres;

--
-- TOC entry 199 (class 1259 OID 85827)
-- Name: feedback_nota_dinas_id_feednota_seq; Type: SEQUENCE; Schema: notadinas; Owner: postgres
--

CREATE SEQUENCE feedback_nota_dinas_id_feednota_seq
    START WITH 1
    INCREMENT BY 1
    NO MINVALUE
    NO MAXVALUE
    CACHE 1;


ALTER TABLE notadinas.feedback_nota_dinas_id_feednota_seq OWNER TO postgres;

--
-- TOC entry 2966 (class 0 OID 0)
-- Dependencies: 199
-- Name: feedback_nota_dinas_id_feednota_seq; Type: SEQUENCE OWNED BY; Schema: notadinas; Owner: postgres
--

ALTER SEQUENCE feedback_nota_dinas_id_feednota_seq OWNED BY feedback_nota_dinas.id_feednota;


--
-- TOC entry 200 (class 1259 OID 85829)
-- Name: feedback_surat_masuk; Type: TABLE; Schema: notadinas; Owner: postgres; Tablespace: 
--

CREATE TABLE feedback_surat_masuk (
    id_feedback integer NOT NULL,
    id_surat_masuk integer,
    pengirim integer,
    created_at date,
    pesan_feedback text,
    waktu character varying(50),
    baca integer
);


ALTER TABLE notadinas.feedback_surat_masuk OWNER TO postgres;

--
-- TOC entry 201 (class 1259 OID 85835)
-- Name: feedback_surat_masuk_id_feedback_seq; Type: SEQUENCE; Schema: notadinas; Owner: postgres
--

CREATE SEQUENCE feedback_surat_masuk_id_feedback_seq
    START WITH 1
    INCREMENT BY 1
    NO MINVALUE
    NO MAXVALUE
    CACHE 1;


ALTER TABLE notadinas.feedback_surat_masuk_id_feedback_seq OWNER TO postgres;

--
-- TOC entry 2967 (class 0 OID 0)
-- Dependencies: 201
-- Name: feedback_surat_masuk_id_feedback_seq; Type: SEQUENCE OWNED BY; Schema: notadinas; Owner: postgres
--

ALTER SEQUENCE feedback_surat_masuk_id_feedback_seq OWNED BY feedback_surat_masuk.id_feedback;


--
-- TOC entry 202 (class 1259 OID 85837)
-- Name: kegiatan_dinas; Type: TABLE; Schema: notadinas; Owner: postgres; Tablespace: 
--

CREATE TABLE kegiatan_dinas (
    id_kegiatan integer NOT NULL,
    nama_kegiatan character varying
);


ALTER TABLE notadinas.kegiatan_dinas OWNER TO postgres;

--
-- TOC entry 203 (class 1259 OID 85843)
-- Name: kegiatan_dinas_id_kegiatan_seq; Type: SEQUENCE; Schema: notadinas; Owner: postgres
--

CREATE SEQUENCE kegiatan_dinas_id_kegiatan_seq
    START WITH 1
    INCREMENT BY 1
    NO MINVALUE
    NO MAXVALUE
    CACHE 1;


ALTER TABLE notadinas.kegiatan_dinas_id_kegiatan_seq OWNER TO postgres;

--
-- TOC entry 2968 (class 0 OID 0)
-- Dependencies: 203
-- Name: kegiatan_dinas_id_kegiatan_seq; Type: SEQUENCE OWNED BY; Schema: notadinas; Owner: postgres
--

ALTER SEQUENCE kegiatan_dinas_id_kegiatan_seq OWNED BY kegiatan_dinas.id_kegiatan;


--
-- TOC entry 204 (class 1259 OID 85845)
-- Name: log_proses_nota_dinas; Type: TABLE; Schema: notadinas; Owner: postgres; Tablespace: 
--

CREATE TABLE log_proses_nota_dinas (
    id integer NOT NULL,
    id_notadinas integer,
    tanggal_proses date NOT NULL,
    pengirim bigint NOT NULL,
    penerima bigint NOT NULL,
    keterangan text,
    id_proses integer,
    komentar character varying(1000)
);


ALTER TABLE notadinas.log_proses_nota_dinas OWNER TO postgres;

--
-- TOC entry 205 (class 1259 OID 85851)
-- Name: log_proses_nota_dinas_id_seq; Type: SEQUENCE; Schema: notadinas; Owner: postgres
--

CREATE SEQUENCE log_proses_nota_dinas_id_seq
    START WITH 1
    INCREMENT BY 1
    NO MINVALUE
    NO MAXVALUE
    CACHE 1;


ALTER TABLE notadinas.log_proses_nota_dinas_id_seq OWNER TO postgres;

--
-- TOC entry 2969 (class 0 OID 0)
-- Dependencies: 205
-- Name: log_proses_nota_dinas_id_seq; Type: SEQUENCE OWNED BY; Schema: notadinas; Owner: postgres
--

ALTER SEQUENCE log_proses_nota_dinas_id_seq OWNED BY log_proses_nota_dinas.id;


--
-- TOC entry 206 (class 1259 OID 85853)
-- Name: log_proses_surat_antar_kadis; Type: TABLE; Schema: notadinas; Owner: postgres; Tablespace: 
--

CREATE TABLE log_proses_surat_antar_kadis (
    id integer NOT NULL,
    id_surat integer,
    tanggal_proses date NOT NULL,
    pengirim bigint NOT NULL,
    penerima character varying(200) NOT NULL,
    "Keterangan" text,
    id_proses integer,
    komentar character varying(1000)
);


ALTER TABLE notadinas.log_proses_surat_antar_kadis OWNER TO postgres;

--
-- TOC entry 207 (class 1259 OID 85859)
-- Name: log_proses_surat_antar_kadis_id_seq; Type: SEQUENCE; Schema: notadinas; Owner: postgres
--

CREATE SEQUENCE log_proses_surat_antar_kadis_id_seq
    START WITH 1
    INCREMENT BY 1
    NO MINVALUE
    NO MAXVALUE
    CACHE 1;


ALTER TABLE notadinas.log_proses_surat_antar_kadis_id_seq OWNER TO postgres;

--
-- TOC entry 2970 (class 0 OID 0)
-- Dependencies: 207
-- Name: log_proses_surat_antar_kadis_id_seq; Type: SEQUENCE OWNED BY; Schema: notadinas; Owner: postgres
--

ALTER SEQUENCE log_proses_surat_antar_kadis_id_seq OWNED BY log_proses_surat_antar_kadis.id;


--
-- TOC entry 208 (class 1259 OID 85861)
-- Name: log_proses_surat_keluar; Type: TABLE; Schema: notadinas; Owner: postgres; Tablespace: 
--

CREATE TABLE log_proses_surat_keluar (
    id integer NOT NULL,
    id_suratkeluar integer,
    tanggal_proses date NOT NULL,
    pengirim bigint NOT NULL,
    penerima character varying(200) NOT NULL,
    "Keterangan" text,
    id_proses integer,
    komentar character varying(1000),
    file_revisi character varying(255)
);


ALTER TABLE notadinas.log_proses_surat_keluar OWNER TO postgres;

--
-- TOC entry 209 (class 1259 OID 85867)
-- Name: log_proses_surat_keluar_id_seq; Type: SEQUENCE; Schema: notadinas; Owner: postgres
--

CREATE SEQUENCE log_proses_surat_keluar_id_seq
    START WITH 1
    INCREMENT BY 1
    NO MINVALUE
    NO MAXVALUE
    CACHE 1;


ALTER TABLE notadinas.log_proses_surat_keluar_id_seq OWNER TO postgres;

--
-- TOC entry 2971 (class 0 OID 0)
-- Dependencies: 209
-- Name: log_proses_surat_keluar_id_seq; Type: SEQUENCE OWNED BY; Schema: notadinas; Owner: postgres
--

ALTER SEQUENCE log_proses_surat_keluar_id_seq OWNED BY log_proses_surat_keluar.id;


--
-- TOC entry 210 (class 1259 OID 85869)
-- Name: log_proses_surat_masuk; Type: TABLE; Schema: notadinas; Owner: postgres; Tablespace: 
--

CREATE TABLE log_proses_surat_masuk (
    id integer NOT NULL,
    id_suratmasuk integer,
    tanggal_proses date NOT NULL,
    pengirim bigint NOT NULL,
    penerima bigint NOT NULL,
    keterangan text,
    id_proses integer,
    status integer
);


ALTER TABLE notadinas.log_proses_surat_masuk OWNER TO postgres;

--
-- TOC entry 211 (class 1259 OID 85875)
-- Name: log_proses_surat_masuk_id_seq; Type: SEQUENCE; Schema: notadinas; Owner: postgres
--

CREATE SEQUENCE log_proses_surat_masuk_id_seq
    START WITH 1
    INCREMENT BY 1
    NO MINVALUE
    NO MAXVALUE
    CACHE 1;


ALTER TABLE notadinas.log_proses_surat_masuk_id_seq OWNER TO postgres;

--
-- TOC entry 2972 (class 0 OID 0)
-- Dependencies: 211
-- Name: log_proses_surat_masuk_id_seq; Type: SEQUENCE OWNED BY; Schema: notadinas; Owner: postgres
--

ALTER SEQUENCE log_proses_surat_masuk_id_seq OWNED BY log_proses_surat_masuk.id;


--
-- TOC entry 212 (class 1259 OID 85877)
-- Name: master_aksi; Type: TABLE; Schema: notadinas; Owner: postgres; Tablespace: 
--

CREATE TABLE master_aksi (
    id integer NOT NULL,
    nama_aksi character varying NOT NULL
);


ALTER TABLE notadinas.master_aksi OWNER TO postgres;

--
-- TOC entry 213 (class 1259 OID 85883)
-- Name: master_aksi_id_seq; Type: SEQUENCE; Schema: notadinas; Owner: postgres
--

CREATE SEQUENCE master_aksi_id_seq
    START WITH 1
    INCREMENT BY 1
    NO MINVALUE
    NO MAXVALUE
    CACHE 1;


ALTER TABLE notadinas.master_aksi_id_seq OWNER TO postgres;

--
-- TOC entry 2973 (class 0 OID 0)
-- Dependencies: 213
-- Name: master_aksi_id_seq; Type: SEQUENCE OWNED BY; Schema: notadinas; Owner: postgres
--

ALTER SEQUENCE master_aksi_id_seq OWNED BY master_aksi.id;


--
-- TOC entry 214 (class 1259 OID 85885)
-- Name: master_arsip_surat; Type: TABLE; Schema: notadinas; Owner: postgres; Tablespace: 
--

CREATE TABLE master_arsip_surat (
    id_arsip_surat integer NOT NULL,
    tipe_surat text,
    agenda text,
    ruang integer,
    lemari integer,
    rak integer,
    box integer
);


ALTER TABLE notadinas.master_arsip_surat OWNER TO postgres;

--
-- TOC entry 215 (class 1259 OID 85891)
-- Name: master_arsip_surat_id_arsip_antar_seq; Type: SEQUENCE; Schema: notadinas; Owner: postgres
--

CREATE SEQUENCE master_arsip_surat_id_arsip_antar_seq
    START WITH 1
    INCREMENT BY 1
    NO MINVALUE
    NO MAXVALUE
    CACHE 1;


ALTER TABLE notadinas.master_arsip_surat_id_arsip_antar_seq OWNER TO postgres;

--
-- TOC entry 2974 (class 0 OID 0)
-- Dependencies: 215
-- Name: master_arsip_surat_id_arsip_antar_seq; Type: SEQUENCE OWNED BY; Schema: notadinas; Owner: postgres
--

ALTER SEQUENCE master_arsip_surat_id_arsip_antar_seq OWNED BY master_arsip_surat.id_arsip_surat;


--
-- TOC entry 216 (class 1259 OID 85893)
-- Name: master_box; Type: TABLE; Schema: notadinas; Owner: postgres; Tablespace: 
--

CREATE TABLE master_box (
    id_box integer NOT NULL,
    nama_box character varying(100),
    id_rak integer
);


ALTER TABLE notadinas.master_box OWNER TO postgres;

--
-- TOC entry 217 (class 1259 OID 85896)
-- Name: master_box_id_box_seq; Type: SEQUENCE; Schema: notadinas; Owner: postgres
--

CREATE SEQUENCE master_box_id_box_seq
    START WITH 1
    INCREMENT BY 1
    NO MINVALUE
    NO MAXVALUE
    CACHE 1;


ALTER TABLE notadinas.master_box_id_box_seq OWNER TO postgres;

--
-- TOC entry 2975 (class 0 OID 0)
-- Dependencies: 217
-- Name: master_box_id_box_seq; Type: SEQUENCE OWNED BY; Schema: notadinas; Owner: postgres
--

ALTER SEQUENCE master_box_id_box_seq OWNED BY master_box.id_box;


--
-- TOC entry 218 (class 1259 OID 85898)
-- Name: master_klasifikasi_surat_masuk; Type: TABLE; Schema: notadinas; Owner: postgres; Tablespace: 
--

CREATE TABLE master_klasifikasi_surat_masuk (
    id_master_klasifikasi_surat_masuk integer NOT NULL,
    klasifikasi_surat_masuk character varying(255)
);


ALTER TABLE notadinas.master_klasifikasi_surat_masuk OWNER TO postgres;

--
-- TOC entry 219 (class 1259 OID 85901)
-- Name: master_klasifikasi_surat_masu_id_master_klasifikasi_surat_m_seq; Type: SEQUENCE; Schema: notadinas; Owner: postgres
--

CREATE SEQUENCE master_klasifikasi_surat_masu_id_master_klasifikasi_surat_m_seq
    START WITH 1
    INCREMENT BY 1
    NO MINVALUE
    NO MAXVALUE
    CACHE 1;


ALTER TABLE notadinas.master_klasifikasi_surat_masu_id_master_klasifikasi_surat_m_seq OWNER TO postgres;

--
-- TOC entry 2976 (class 0 OID 0)
-- Dependencies: 219
-- Name: master_klasifikasi_surat_masu_id_master_klasifikasi_surat_m_seq; Type: SEQUENCE OWNED BY; Schema: notadinas; Owner: postgres
--

ALTER SEQUENCE master_klasifikasi_surat_masu_id_master_klasifikasi_surat_m_seq OWNED BY master_klasifikasi_surat_masuk.id_master_klasifikasi_surat_masuk;


--
-- TOC entry 220 (class 1259 OID 85903)
-- Name: master_derajat; Type: TABLE; Schema: notadinas; Owner: postgres; Tablespace: 
--

CREATE TABLE master_derajat (
    id_master_derajat integer DEFAULT nextval('master_klasifikasi_surat_masu_id_master_klasifikasi_surat_m_seq'::regclass) NOT NULL,
    derajat character varying(255)
);


ALTER TABLE notadinas.master_derajat OWNER TO postgres;

--
-- TOC entry 221 (class 1259 OID 85907)
-- Name: master_doktrin; Type: TABLE; Schema: notadinas; Owner: postgres; Tablespace: 
--

CREATE TABLE master_doktrin (
    id_doktrin integer NOT NULL,
    tanggal date,
    id_kategori integer,
    judul_peraturan text,
    deskripsi_peraturan text,
    nama_buku text,
    pengarang text,
    judul_halaman text,
    terbit integer,
    file character varying(255),
    id_buku character varying(255),
    file_cover character varying(255)
);


ALTER TABLE notadinas.master_doktrin OWNER TO postgres;

--
-- TOC entry 222 (class 1259 OID 85913)
-- Name: master_doktrin_id_doktrin_seq; Type: SEQUENCE; Schema: notadinas; Owner: postgres
--

CREATE SEQUENCE master_doktrin_id_doktrin_seq
    START WITH 1
    INCREMENT BY 1
    NO MINVALUE
    NO MAXVALUE
    CACHE 1;


ALTER TABLE notadinas.master_doktrin_id_doktrin_seq OWNER TO postgres;

--
-- TOC entry 2977 (class 0 OID 0)
-- Dependencies: 222
-- Name: master_doktrin_id_doktrin_seq; Type: SEQUENCE OWNED BY; Schema: notadinas; Owner: postgres
--

ALTER SEQUENCE master_doktrin_id_doktrin_seq OWNED BY master_doktrin.id_doktrin;


--
-- TOC entry 223 (class 1259 OID 85915)
-- Name: master_grup; Type: TABLE; Schema: notadinas; Owner: postgres; Tablespace: 
--

CREATE TABLE master_grup (
    id integer NOT NULL,
    nama_grup text NOT NULL
);


ALTER TABLE notadinas.master_grup OWNER TO postgres;

--
-- TOC entry 224 (class 1259 OID 85921)
-- Name: master_grup_id_seq; Type: SEQUENCE; Schema: notadinas; Owner: postgres
--

CREATE SEQUENCE master_grup_id_seq
    START WITH 1
    INCREMENT BY 1
    NO MINVALUE
    NO MAXVALUE
    CACHE 1;


ALTER TABLE notadinas.master_grup_id_seq OWNER TO postgres;

--
-- TOC entry 2978 (class 0 OID 0)
-- Dependencies: 224
-- Name: master_grup_id_seq; Type: SEQUENCE OWNED BY; Schema: notadinas; Owner: postgres
--

ALTER SEQUENCE master_grup_id_seq OWNED BY master_grup.id;


--
-- TOC entry 225 (class 1259 OID 85923)
-- Name: master_jabatan; Type: TABLE; Schema: notadinas; Owner: postgres; Tablespace: 
--

CREATE TABLE master_jabatan (
    id integer NOT NULL,
    nama_jabatan text NOT NULL,
    satuan integer,
    tingkatan integer,
    grup integer,
    urutan integer,
    subdis integer,
    urut_jabatan integer
);


ALTER TABLE notadinas.master_jabatan OWNER TO postgres;

--
-- TOC entry 226 (class 1259 OID 85929)
-- Name: master_jabatan_id_seq; Type: SEQUENCE; Schema: notadinas; Owner: postgres
--

CREATE SEQUENCE master_jabatan_id_seq
    START WITH 1
    INCREMENT BY 1
    NO MINVALUE
    NO MAXVALUE
    CACHE 1;


ALTER TABLE notadinas.master_jabatan_id_seq OWNER TO postgres;

--
-- TOC entry 2979 (class 0 OID 0)
-- Dependencies: 226
-- Name: master_jabatan_id_seq; Type: SEQUENCE OWNED BY; Schema: notadinas; Owner: postgres
--

ALTER SEQUENCE master_jabatan_id_seq OWNED BY master_jabatan.id;


--
-- TOC entry 227 (class 1259 OID 85931)
-- Name: master_jenis_surat_masuk; Type: TABLE; Schema: notadinas; Owner: postgres; Tablespace: 
--

CREATE TABLE master_jenis_surat_masuk (
    id_jenis_surat_masuk integer NOT NULL,
    nama_jenis_surat character varying(225),
    isi_jenis_surat text
);


ALTER TABLE notadinas.master_jenis_surat_masuk OWNER TO postgres;

--
-- TOC entry 228 (class 1259 OID 85937)
-- Name: master_jenis_surat_masuk_id_jenis_surat_masuk_seq; Type: SEQUENCE; Schema: notadinas; Owner: postgres
--

CREATE SEQUENCE master_jenis_surat_masuk_id_jenis_surat_masuk_seq
    START WITH 1
    INCREMENT BY 1
    NO MINVALUE
    NO MAXVALUE
    CACHE 1;


ALTER TABLE notadinas.master_jenis_surat_masuk_id_jenis_surat_masuk_seq OWNER TO postgres;

--
-- TOC entry 2980 (class 0 OID 0)
-- Dependencies: 228
-- Name: master_jenis_surat_masuk_id_jenis_surat_masuk_seq; Type: SEQUENCE OWNED BY; Schema: notadinas; Owner: postgres
--

ALTER SEQUENCE master_jenis_surat_masuk_id_jenis_surat_masuk_seq OWNED BY master_jenis_surat_masuk.id_jenis_surat_masuk;


--
-- TOC entry 229 (class 1259 OID 85939)
-- Name: master_kategori; Type: TABLE; Schema: notadinas; Owner: postgres; Tablespace: 
--

CREATE TABLE master_kategori (
    id_kategori integer NOT NULL,
    nama_kategori text
);


ALTER TABLE notadinas.master_kategori OWNER TO postgres;

--
-- TOC entry 230 (class 1259 OID 85945)
-- Name: master_kategori_id_kategori_seq; Type: SEQUENCE; Schema: notadinas; Owner: postgres
--

CREATE SEQUENCE master_kategori_id_kategori_seq
    START WITH 1
    INCREMENT BY 1
    NO MINVALUE
    NO MAXVALUE
    CACHE 1;


ALTER TABLE notadinas.master_kategori_id_kategori_seq OWNER TO postgres;

--
-- TOC entry 2981 (class 0 OID 0)
-- Dependencies: 230
-- Name: master_kategori_id_kategori_seq; Type: SEQUENCE OWNED BY; Schema: notadinas; Owner: postgres
--

ALTER SEQUENCE master_kategori_id_kategori_seq OWNED BY master_kategori.id_kategori;


--
-- TOC entry 231 (class 1259 OID 85947)
-- Name: master_klasifikasi_surat; Type: TABLE; Schema: notadinas; Owner: postgres; Tablespace: 
--

CREATE TABLE master_klasifikasi_surat (
    id_klasifikasi integer NOT NULL,
    nama character varying(255)
);


ALTER TABLE notadinas.master_klasifikasi_surat OWNER TO postgres;

--
-- TOC entry 232 (class 1259 OID 85950)
-- Name: master_klarifikasi_surat_id_klarifikasi_seq; Type: SEQUENCE; Schema: notadinas; Owner: postgres
--

CREATE SEQUENCE master_klarifikasi_surat_id_klarifikasi_seq
    START WITH 1
    INCREMENT BY 1
    NO MINVALUE
    NO MAXVALUE
    CACHE 4;


ALTER TABLE notadinas.master_klarifikasi_surat_id_klarifikasi_seq OWNER TO postgres;

--
-- TOC entry 2982 (class 0 OID 0)
-- Dependencies: 232
-- Name: master_klarifikasi_surat_id_klarifikasi_seq; Type: SEQUENCE OWNED BY; Schema: notadinas; Owner: postgres
--

ALTER SEQUENCE master_klarifikasi_surat_id_klarifikasi_seq OWNED BY master_klasifikasi_surat.id_klasifikasi;


--
-- TOC entry 233 (class 1259 OID 85952)
-- Name: master_lemari; Type: TABLE; Schema: notadinas; Owner: postgres; Tablespace: 
--

CREATE TABLE master_lemari (
    id_lemari integer NOT NULL,
    nama_lemari character varying(255),
    id_ruang integer
);


ALTER TABLE notadinas.master_lemari OWNER TO postgres;

--
-- TOC entry 234 (class 1259 OID 85955)
-- Name: master_lemari_id_lemari_seq; Type: SEQUENCE; Schema: notadinas; Owner: postgres
--

CREATE SEQUENCE master_lemari_id_lemari_seq
    START WITH 1
    INCREMENT BY 1
    NO MINVALUE
    NO MAXVALUE
    CACHE 1;


ALTER TABLE notadinas.master_lemari_id_lemari_seq OWNER TO postgres;

--
-- TOC entry 2983 (class 0 OID 0)
-- Dependencies: 234
-- Name: master_lemari_id_lemari_seq; Type: SEQUENCE OWNED BY; Schema: notadinas; Owner: postgres
--

ALTER SEQUENCE master_lemari_id_lemari_seq OWNED BY master_lemari.id_lemari;


--
-- TOC entry 235 (class 1259 OID 85957)
-- Name: master_proses_nota_dinas; Type: TABLE; Schema: notadinas; Owner: postgres; Tablespace: 
--

CREATE TABLE master_proses_nota_dinas (
    id integer NOT NULL,
    nama_proses name NOT NULL
);


ALTER TABLE notadinas.master_proses_nota_dinas OWNER TO postgres;

--
-- TOC entry 236 (class 1259 OID 85960)
-- Name: master_proses_nota_dinas_id_seq; Type: SEQUENCE; Schema: notadinas; Owner: postgres
--

CREATE SEQUENCE master_proses_nota_dinas_id_seq
    START WITH 1
    INCREMENT BY 1
    NO MINVALUE
    NO MAXVALUE
    CACHE 1;


ALTER TABLE notadinas.master_proses_nota_dinas_id_seq OWNER TO postgres;

--
-- TOC entry 2984 (class 0 OID 0)
-- Dependencies: 236
-- Name: master_proses_nota_dinas_id_seq; Type: SEQUENCE OWNED BY; Schema: notadinas; Owner: postgres
--

ALTER SEQUENCE master_proses_nota_dinas_id_seq OWNED BY master_proses_nota_dinas.id;


--
-- TOC entry 237 (class 1259 OID 85962)
-- Name: master_proses_surat_keluar; Type: TABLE; Schema: notadinas; Owner: postgres; Tablespace: 
--

CREATE TABLE master_proses_surat_keluar (
    id integer NOT NULL,
    nama_proses name NOT NULL
);


ALTER TABLE notadinas.master_proses_surat_keluar OWNER TO postgres;

--
-- TOC entry 238 (class 1259 OID 85965)
-- Name: master_proses_surat_keluar_id_seq; Type: SEQUENCE; Schema: notadinas; Owner: postgres
--

CREATE SEQUENCE master_proses_surat_keluar_id_seq
    START WITH 1
    INCREMENT BY 1
    NO MINVALUE
    NO MAXVALUE
    CACHE 1;


ALTER TABLE notadinas.master_proses_surat_keluar_id_seq OWNER TO postgres;

--
-- TOC entry 2985 (class 0 OID 0)
-- Dependencies: 238
-- Name: master_proses_surat_keluar_id_seq; Type: SEQUENCE OWNED BY; Schema: notadinas; Owner: postgres
--

ALTER SEQUENCE master_proses_surat_keluar_id_seq OWNED BY master_proses_surat_keluar.id;


--
-- TOC entry 239 (class 1259 OID 85967)
-- Name: master_proses_surat_masuk; Type: TABLE; Schema: notadinas; Owner: postgres; Tablespace: 
--

CREATE TABLE master_proses_surat_masuk (
    id integer NOT NULL,
    nama_proses name NOT NULL
);


ALTER TABLE notadinas.master_proses_surat_masuk OWNER TO postgres;

--
-- TOC entry 240 (class 1259 OID 85970)
-- Name: master_proses_surat_masuk_id_seq; Type: SEQUENCE; Schema: notadinas; Owner: postgres
--

CREATE SEQUENCE master_proses_surat_masuk_id_seq
    START WITH 1
    INCREMENT BY 1
    NO MINVALUE
    NO MAXVALUE
    CACHE 1;


ALTER TABLE notadinas.master_proses_surat_masuk_id_seq OWNER TO postgres;

--
-- TOC entry 2986 (class 0 OID 0)
-- Dependencies: 240
-- Name: master_proses_surat_masuk_id_seq; Type: SEQUENCE OWNED BY; Schema: notadinas; Owner: postgres
--

ALTER SEQUENCE master_proses_surat_masuk_id_seq OWNED BY master_proses_surat_masuk.id;


--
-- TOC entry 241 (class 1259 OID 85972)
-- Name: master_rak; Type: TABLE; Schema: notadinas; Owner: postgres; Tablespace: 
--

CREATE TABLE master_rak (
    id_rak integer NOT NULL,
    nama_rak character varying(150),
    id_lemari integer
);


ALTER TABLE notadinas.master_rak OWNER TO postgres;

--
-- TOC entry 242 (class 1259 OID 85975)
-- Name: master_rak_id_rak_seq; Type: SEQUENCE; Schema: notadinas; Owner: postgres
--

CREATE SEQUENCE master_rak_id_rak_seq
    START WITH 1
    INCREMENT BY 1
    NO MINVALUE
    NO MAXVALUE
    CACHE 1;


ALTER TABLE notadinas.master_rak_id_rak_seq OWNER TO postgres;

--
-- TOC entry 2987 (class 0 OID 0)
-- Dependencies: 242
-- Name: master_rak_id_rak_seq; Type: SEQUENCE OWNED BY; Schema: notadinas; Owner: postgres
--

ALTER SEQUENCE master_rak_id_rak_seq OWNED BY master_rak.id_rak;


--
-- TOC entry 243 (class 1259 OID 85977)
-- Name: master_ruang; Type: TABLE; Schema: notadinas; Owner: postgres; Tablespace: 
--

CREATE TABLE master_ruang (
    id_ruang integer NOT NULL,
    nama_ruang character varying(150)
);


ALTER TABLE notadinas.master_ruang OWNER TO postgres;

--
-- TOC entry 244 (class 1259 OID 85980)
-- Name: master_ruang_id_ruang_seq; Type: SEQUENCE; Schema: notadinas; Owner: postgres
--

CREATE SEQUENCE master_ruang_id_ruang_seq
    START WITH 1
    INCREMENT BY 1
    NO MINVALUE
    NO MAXVALUE
    CACHE 1;


ALTER TABLE notadinas.master_ruang_id_ruang_seq OWNER TO postgres;

--
-- TOC entry 2988 (class 0 OID 0)
-- Dependencies: 244
-- Name: master_ruang_id_ruang_seq; Type: SEQUENCE OWNED BY; Schema: notadinas; Owner: postgres
--

ALTER SEQUENCE master_ruang_id_ruang_seq OWNED BY master_ruang.id_ruang;


--
-- TOC entry 245 (class 1259 OID 85982)
-- Name: master_ruangkrj; Type: TABLE; Schema: notadinas; Owner: postgres; Tablespace: 
--

CREATE TABLE master_ruangkrj (
    id_ruang_kerja integer NOT NULL,
    id_workspace integer,
    nama_krj character varying(80),
    eoffice_rk text,
    object_id integer
);


ALTER TABLE notadinas.master_ruangkrj OWNER TO postgres;

--
-- TOC entry 246 (class 1259 OID 85988)
-- Name: master_satuan; Type: TABLE; Schema: notadinas; Owner: postgres; Tablespace: 
--

CREATE TABLE master_satuan (
    id integer NOT NULL,
    nama_satuan text NOT NULL
);


ALTER TABLE notadinas.master_satuan OWNER TO postgres;

--
-- TOC entry 247 (class 1259 OID 85994)
-- Name: master_satuan_id_seq; Type: SEQUENCE; Schema: notadinas; Owner: postgres
--

CREATE SEQUENCE master_satuan_id_seq
    START WITH 1
    INCREMENT BY 1
    NO MINVALUE
    NO MAXVALUE
    CACHE 1;


ALTER TABLE notadinas.master_satuan_id_seq OWNER TO postgres;

--
-- TOC entry 2989 (class 0 OID 0)
-- Dependencies: 247
-- Name: master_satuan_id_seq; Type: SEQUENCE OWNED BY; Schema: notadinas; Owner: postgres
--

ALTER SEQUENCE master_satuan_id_seq OWNED BY master_satuan.id;


--
-- TOC entry 248 (class 1259 OID 85996)
-- Name: master_subjabatan; Type: TABLE; Schema: notadinas; Owner: postgres; Tablespace: 
--

CREATE TABLE master_subjabatan (
    id_subjabatan integer NOT NULL,
    nama_subjabatan character varying(225),
    id_jabatan integer
);


ALTER TABLE notadinas.master_subjabatan OWNER TO postgres;

--
-- TOC entry 249 (class 1259 OID 85999)
-- Name: master_subjabatan_id_subjabatan_seq; Type: SEQUENCE; Schema: notadinas; Owner: postgres
--

CREATE SEQUENCE master_subjabatan_id_subjabatan_seq
    START WITH 1
    INCREMENT BY 1
    NO MINVALUE
    NO MAXVALUE
    CACHE 1;


ALTER TABLE notadinas.master_subjabatan_id_subjabatan_seq OWNER TO postgres;

--
-- TOC entry 2990 (class 0 OID 0)
-- Dependencies: 249
-- Name: master_subjabatan_id_subjabatan_seq; Type: SEQUENCE OWNED BY; Schema: notadinas; Owner: postgres
--

ALTER SEQUENCE master_subjabatan_id_subjabatan_seq OWNED BY master_subjabatan.id_subjabatan;


--
-- TOC entry 250 (class 1259 OID 86001)
-- Name: master_surat_keluar; Type: TABLE; Schema: notadinas; Owner: postgres; Tablespace: 
--

CREATE TABLE master_surat_keluar (
    id_master_surat_keluar integer NOT NULL,
    jenis_surat_keluar character varying(255),
    isi_surat_keluar text
);


ALTER TABLE notadinas.master_surat_keluar OWNER TO postgres;

--
-- TOC entry 251 (class 1259 OID 86007)
-- Name: master_surat_keluar_id_master_surat_keluar_seq; Type: SEQUENCE; Schema: notadinas; Owner: postgres
--

CREATE SEQUENCE master_surat_keluar_id_master_surat_keluar_seq
    START WITH 1
    INCREMENT BY 1
    NO MINVALUE
    NO MAXVALUE
    CACHE 1;


ALTER TABLE notadinas.master_surat_keluar_id_master_surat_keluar_seq OWNER TO postgres;

--
-- TOC entry 2991 (class 0 OID 0)
-- Dependencies: 251
-- Name: master_surat_keluar_id_master_surat_keluar_seq; Type: SEQUENCE OWNED BY; Schema: notadinas; Owner: postgres
--

ALTER SEQUENCE master_surat_keluar_id_master_surat_keluar_seq OWNED BY master_surat_keluar.id_master_surat_keluar;


--
-- TOC entry 252 (class 1259 OID 86009)
-- Name: master_surat_masuk; Type: TABLE; Schema: notadinas; Owner: postgres; Tablespace: 
--

CREATE TABLE master_surat_masuk (
    id_master_surat_masuk integer NOT NULL,
    jenis_surat_masuk character varying(255),
    isi_surat_masuk text
);


ALTER TABLE notadinas.master_surat_masuk OWNER TO postgres;

--
-- TOC entry 253 (class 1259 OID 86015)
-- Name: master_surat_masuk_id_master_surat_masuk_seq; Type: SEQUENCE; Schema: notadinas; Owner: postgres
--

CREATE SEQUENCE master_surat_masuk_id_master_surat_masuk_seq
    START WITH 1
    INCREMENT BY 1
    NO MINVALUE
    NO MAXVALUE
    CACHE 1;


ALTER TABLE notadinas.master_surat_masuk_id_master_surat_masuk_seq OWNER TO postgres;

--
-- TOC entry 2992 (class 0 OID 0)
-- Dependencies: 253
-- Name: master_surat_masuk_id_master_surat_masuk_seq; Type: SEQUENCE OWNED BY; Schema: notadinas; Owner: postgres
--

ALTER SEQUENCE master_surat_masuk_id_master_surat_masuk_seq OWNED BY master_surat_masuk.id_master_surat_masuk;


--
-- TOC entry 254 (class 1259 OID 86017)
-- Name: master_task; Type: TABLE; Schema: notadinas; Owner: postgres; Tablespace: 
--

CREATE TABLE master_task (
    id_task integer NOT NULL,
    id_etask integer,
    nama_task character varying(80),
    eoffice_rk text,
    object_id integer
);


ALTER TABLE notadinas.master_task OWNER TO postgres;

--
-- TOC entry 255 (class 1259 OID 86023)
-- Name: master_tingkatan; Type: TABLE; Schema: notadinas; Owner: postgres; Tablespace: 
--

CREATE TABLE master_tingkatan (
    id integer NOT NULL,
    nama_tingkatan text NOT NULL
);


ALTER TABLE notadinas.master_tingkatan OWNER TO postgres;

--
-- TOC entry 256 (class 1259 OID 86029)
-- Name: master_tingkatan_id_seq; Type: SEQUENCE; Schema: notadinas; Owner: postgres
--

CREATE SEQUENCE master_tingkatan_id_seq
    START WITH 1
    INCREMENT BY 1
    NO MINVALUE
    NO MAXVALUE
    CACHE 1;


ALTER TABLE notadinas.master_tingkatan_id_seq OWNER TO postgres;

--
-- TOC entry 2993 (class 0 OID 0)
-- Dependencies: 256
-- Name: master_tingkatan_id_seq; Type: SEQUENCE OWNED BY; Schema: notadinas; Owner: postgres
--

ALTER SEQUENCE master_tingkatan_id_seq OWNED BY master_tingkatan.id;


--
-- TOC entry 257 (class 1259 OID 86031)
-- Name: master_tujuan; Type: TABLE; Schema: notadinas; Owner: postgres; Tablespace: 
--

CREATE TABLE master_tujuan (
    id integer NOT NULL,
    nama text
);


ALTER TABLE notadinas.master_tujuan OWNER TO postgres;

--
-- TOC entry 258 (class 1259 OID 86037)
-- Name: master_tujuan_id_seq; Type: SEQUENCE; Schema: notadinas; Owner: postgres
--

CREATE SEQUENCE master_tujuan_id_seq
    START WITH 1
    INCREMENT BY 1
    NO MINVALUE
    NO MAXVALUE
    CACHE 1;


ALTER TABLE notadinas.master_tujuan_id_seq OWNER TO postgres;

--
-- TOC entry 2994 (class 0 OID 0)
-- Dependencies: 258
-- Name: master_tujuan_id_seq; Type: SEQUENCE OWNED BY; Schema: notadinas; Owner: postgres
--

ALTER SEQUENCE master_tujuan_id_seq OWNED BY master_tujuan.id;


--
-- TOC entry 259 (class 1259 OID 86039)
-- Name: master_user; Type: TABLE; Schema: notadinas; Owner: postgres; Tablespace: 
--

CREATE TABLE master_user (
    id integer NOT NULL,
    username character varying NOT NULL,
    password character varying NOT NULL,
    nama_lengkap text NOT NULL,
    email text NOT NULL,
    no_telp text,
    jabatan integer,
    status_jabatan integer NOT NULL,
    level character varying(20)
);


ALTER TABLE notadinas.master_user OWNER TO postgres;

--
-- TOC entry 260 (class 1259 OID 86045)
-- Name: master_user_id_seq; Type: SEQUENCE; Schema: notadinas; Owner: postgres
--

CREATE SEQUENCE master_user_id_seq
    START WITH 1
    INCREMENT BY 1
    NO MINVALUE
    NO MAXVALUE
    CACHE 1;


ALTER TABLE notadinas.master_user_id_seq OWNER TO postgres;

--
-- TOC entry 2995 (class 0 OID 0)
-- Dependencies: 260
-- Name: master_user_id_seq; Type: SEQUENCE OWNED BY; Schema: notadinas; Owner: postgres
--

ALTER SEQUENCE master_user_id_seq OWNED BY master_user.id;


--
-- TOC entry 261 (class 1259 OID 86047)
-- Name: nota_dinas; Type: TABLE; Schema: notadinas; Owner: postgres; Tablespace: 
--

CREATE TABLE nota_dinas (
    id integer NOT NULL,
    tgl_surat date NOT NULL,
    instansi text NOT NULL,
    no_surat text,
    perihal text NOT NULL,
    keterangan text,
    kepada integer,
    isi text NOT NULL,
    klasifikasi text NOT NULL,
    drajat text NOT NULL,
    status_notadinas bigint NOT NULL,
    create_by integer,
    file_attachment text NOT NULL,
    kegiatan_id integer,
    staf_tugas integer,
    opened integer,
    tgl_setum date,
    no_agenda character varying(255),
    no_lampiran character varying(255),
    jenis_surat integer,
    tgl_mulai_tugas timestamp without time zone,
    tgl_akhir_tugas timestamp without time zone,
    ka_waka_setum text,
    nama_tujuan character varying
);


ALTER TABLE notadinas.nota_dinas OWNER TO postgres;

--
-- TOC entry 262 (class 1259 OID 86053)
-- Name: nota_dinas_id_seq; Type: SEQUENCE; Schema: notadinas; Owner: postgres
--

CREATE SEQUENCE nota_dinas_id_seq
    START WITH 1
    INCREMENT BY 1
    NO MINVALUE
    NO MAXVALUE
    CACHE 1;


ALTER TABLE notadinas.nota_dinas_id_seq OWNER TO postgres;

--
-- TOC entry 2996 (class 0 OID 0)
-- Dependencies: 262
-- Name: nota_dinas_id_seq; Type: SEQUENCE OWNED BY; Schema: notadinas; Owner: postgres
--

ALTER SEQUENCE nota_dinas_id_seq OWNED BY nota_dinas.id;


--
-- TOC entry 263 (class 1259 OID 86055)
-- Name: notif_sk; Type: TABLE; Schema: notadinas; Owner: postgres; Tablespace: 
--

CREATE TABLE notif_sk (
    id_notif integer NOT NULL,
    "user" integer,
    surat integer
);


ALTER TABLE notadinas.notif_sk OWNER TO postgres;

--
-- TOC entry 264 (class 1259 OID 86058)
-- Name: notif_sk_id_notif_seq; Type: SEQUENCE; Schema: notadinas; Owner: postgres
--

CREATE SEQUENCE notif_sk_id_notif_seq
    START WITH 1
    INCREMENT BY 1
    NO MINVALUE
    NO MAXVALUE
    CACHE 1;


ALTER TABLE notadinas.notif_sk_id_notif_seq OWNER TO postgres;

--
-- TOC entry 2997 (class 0 OID 0)
-- Dependencies: 264
-- Name: notif_sk_id_notif_seq; Type: SEQUENCE OWNED BY; Schema: notadinas; Owner: postgres
--

ALTER SEQUENCE notif_sk_id_notif_seq OWNED BY notif_sk.id_notif;


--
-- TOC entry 265 (class 1259 OID 86060)
-- Name: notif_sm; Type: TABLE; Schema: notadinas; Owner: postgres; Tablespace: 
--

CREATE TABLE notif_sm (
    id_notif integer NOT NULL,
    "user" integer,
    surat integer
);


ALTER TABLE notadinas.notif_sm OWNER TO postgres;

--
-- TOC entry 266 (class 1259 OID 86063)
-- Name: notif_sm_id_notif_seq; Type: SEQUENCE; Schema: notadinas; Owner: postgres
--

CREATE SEQUENCE notif_sm_id_notif_seq
    START WITH 1
    INCREMENT BY 1
    NO MINVALUE
    NO MAXVALUE
    CACHE 1;


ALTER TABLE notadinas.notif_sm_id_notif_seq OWNER TO postgres;

--
-- TOC entry 2998 (class 0 OID 0)
-- Dependencies: 266
-- Name: notif_sm_id_notif_seq; Type: SEQUENCE OWNED BY; Schema: notadinas; Owner: postgres
--

ALTER SEQUENCE notif_sm_id_notif_seq OWNED BY notif_sm.id_notif;


--
-- TOC entry 267 (class 1259 OID 86065)
-- Name: surat_antar_kadis; Type: TABLE; Schema: notadinas; Owner: postgres; Tablespace: 
--

CREATE TABLE surat_antar_kadis (
    id integer NOT NULL,
    tgl_surat date NOT NULL,
    no_surat text,
    perihal text NOT NULL,
    keterangan text,
    isi text NOT NULL,
    status_surat_antar_kadis bigint NOT NULL,
    create_by integer,
    file_attachment text NOT NULL,
    kepada integer,
    klasifikasi text,
    derajat text,
    opened integer,
    dari integer
);


ALTER TABLE notadinas.surat_antar_kadis OWNER TO postgres;

--
-- TOC entry 268 (class 1259 OID 86071)
-- Name: surat_antar_kadis_id_seq; Type: SEQUENCE; Schema: notadinas; Owner: postgres
--

CREATE SEQUENCE surat_antar_kadis_id_seq
    START WITH 1
    INCREMENT BY 1
    NO MINVALUE
    NO MAXVALUE
    CACHE 1;


ALTER TABLE notadinas.surat_antar_kadis_id_seq OWNER TO postgres;

--
-- TOC entry 2999 (class 0 OID 0)
-- Dependencies: 268
-- Name: surat_antar_kadis_id_seq; Type: SEQUENCE OWNED BY; Schema: notadinas; Owner: postgres
--

ALTER SEQUENCE surat_antar_kadis_id_seq OWNED BY surat_antar_kadis.id;


--
-- TOC entry 269 (class 1259 OID 86073)
-- Name: surat_keluar; Type: TABLE; Schema: notadinas; Owner: postgres; Tablespace: 
--

CREATE TABLE surat_keluar (
    id integer NOT NULL,
    tgl_surat date NOT NULL,
    no_surat text,
    perihal text NOT NULL,
    keterangan text,
    isi text NOT NULL,
    status_surat_keluar bigint NOT NULL,
    create_by integer,
    file_attachment text NOT NULL,
    kepada integer,
    klasifikasi text,
    derajat text,
    opened integer,
    dari integer,
    signature text,
    jenis_surat integer
);


ALTER TABLE notadinas.surat_keluar OWNER TO postgres;

--
-- TOC entry 270 (class 1259 OID 86079)
-- Name: surat_keluar_id_seq; Type: SEQUENCE; Schema: notadinas; Owner: postgres
--

CREATE SEQUENCE surat_keluar_id_seq
    START WITH 1
    INCREMENT BY 1
    NO MINVALUE
    NO MAXVALUE
    CACHE 1;


ALTER TABLE notadinas.surat_keluar_id_seq OWNER TO postgres;

--
-- TOC entry 3000 (class 0 OID 0)
-- Dependencies: 270
-- Name: surat_keluar_id_seq; Type: SEQUENCE OWNED BY; Schema: notadinas; Owner: postgres
--

ALTER SEQUENCE surat_keluar_id_seq OWNED BY surat_keluar.id;


--
-- TOC entry 271 (class 1259 OID 86081)
-- Name: surat_masuk; Type: TABLE; Schema: notadinas; Owner: postgres; Tablespace: 
--

CREATE TABLE surat_masuk (
    id integer NOT NULL,
    tgl_surat date NOT NULL,
    instansi integer,
    no_surat text NOT NULL,
    perihal text NOT NULL,
    keterangan text,
    kepada integer,
    no_setum text NOT NULL,
    tgl_setum date NOT NULL,
    klasifikasi text NOT NULL,
    drajat text NOT NULL,
    status_surat_masuk bigint NOT NULL,
    create_by integer,
    file_attachment text NOT NULL,
    opened integer,
    id_ruang integer,
    id_rak integer,
    id_box integer,
    baris character varying(100),
    id_jenis_surat_masuk integer,
    id_lemari integer,
    id_workspace integer,
    id_taks integer
);


ALTER TABLE notadinas.surat_masuk OWNER TO postgres;

--
-- TOC entry 272 (class 1259 OID 86087)
-- Name: surat_masuk_id_seq; Type: SEQUENCE; Schema: notadinas; Owner: postgres
--

CREATE SEQUENCE surat_masuk_id_seq
    START WITH 1
    INCREMENT BY 1
    NO MINVALUE
    NO MAXVALUE
    CACHE 1;


ALTER TABLE notadinas.surat_masuk_id_seq OWNER TO postgres;

--
-- TOC entry 3001 (class 0 OID 0)
-- Dependencies: 272
-- Name: surat_masuk_id_seq; Type: SEQUENCE OWNED BY; Schema: notadinas; Owner: postgres
--

ALTER SEQUENCE surat_masuk_id_seq OWNED BY surat_masuk.id;


--
-- TOC entry 273 (class 1259 OID 86089)
-- Name: tembusan_nota_dinas; Type: TABLE; Schema: notadinas; Owner: postgres; Tablespace: 
--

CREATE TABLE tembusan_nota_dinas (
    id integer NOT NULL,
    id_jabatan integer NOT NULL,
    status integer NOT NULL,
    keterangan text NOT NULL,
    id_notadinas integer NOT NULL
);


ALTER TABLE notadinas.tembusan_nota_dinas OWNER TO postgres;

--
-- TOC entry 274 (class 1259 OID 86095)
-- Name: tembusan_nota_dinas_id_seq; Type: SEQUENCE; Schema: notadinas; Owner: postgres
--

CREATE SEQUENCE tembusan_nota_dinas_id_seq
    START WITH 1
    INCREMENT BY 1
    NO MINVALUE
    NO MAXVALUE
    CACHE 1;


ALTER TABLE notadinas.tembusan_nota_dinas_id_seq OWNER TO postgres;

--
-- TOC entry 3002 (class 0 OID 0)
-- Dependencies: 274
-- Name: tembusan_nota_dinas_id_seq; Type: SEQUENCE OWNED BY; Schema: notadinas; Owner: postgres
--

ALTER SEQUENCE tembusan_nota_dinas_id_seq OWNED BY tembusan_nota_dinas.id;


--
-- TOC entry 275 (class 1259 OID 86097)
-- Name: tembusan_surat_antar_kadis; Type: TABLE; Schema: notadinas; Owner: postgres; Tablespace: 
--

CREATE TABLE tembusan_surat_antar_kadis (
    id integer NOT NULL,
    id_jabatan integer NOT NULL,
    status character varying(200) NOT NULL,
    keterangan text,
    id_surat integer NOT NULL,
    tanggal date
);


ALTER TABLE notadinas.tembusan_surat_antar_kadis OWNER TO postgres;

--
-- TOC entry 276 (class 1259 OID 86103)
-- Name: tembusan_surat_antar_kadis_backup; Type: TABLE; Schema: notadinas; Owner: postgres; Tablespace: 
--

CREATE TABLE tembusan_surat_antar_kadis_backup (
    id integer NOT NULL,
    status character varying(200),
    keterangan text,
    id_surat integer,
    tanggal date,
    id_jabatan integer
);


ALTER TABLE notadinas.tembusan_surat_antar_kadis_backup OWNER TO postgres;

--
-- TOC entry 277 (class 1259 OID 86109)
-- Name: tembusan_surat_antar_kadis_id_seq; Type: SEQUENCE; Schema: notadinas; Owner: postgres
--

CREATE SEQUENCE tembusan_surat_antar_kadis_id_seq
    START WITH 1
    INCREMENT BY 1
    NO MINVALUE
    NO MAXVALUE
    CACHE 1;


ALTER TABLE notadinas.tembusan_surat_antar_kadis_id_seq OWNER TO postgres;

--
-- TOC entry 3003 (class 0 OID 0)
-- Dependencies: 277
-- Name: tembusan_surat_antar_kadis_id_seq; Type: SEQUENCE OWNED BY; Schema: notadinas; Owner: postgres
--

ALTER SEQUENCE tembusan_surat_antar_kadis_id_seq OWNED BY tembusan_surat_antar_kadis_backup.id;


--
-- TOC entry 278 (class 1259 OID 86111)
-- Name: tembusan_surat_antar_kadis_id_seq1; Type: SEQUENCE; Schema: notadinas; Owner: postgres
--

CREATE SEQUENCE tembusan_surat_antar_kadis_id_seq1
    START WITH 1
    INCREMENT BY 1
    NO MINVALUE
    NO MAXVALUE
    CACHE 1;


ALTER TABLE notadinas.tembusan_surat_antar_kadis_id_seq1 OWNER TO postgres;

--
-- TOC entry 3004 (class 0 OID 0)
-- Dependencies: 278
-- Name: tembusan_surat_antar_kadis_id_seq1; Type: SEQUENCE OWNED BY; Schema: notadinas; Owner: postgres
--

ALTER SEQUENCE tembusan_surat_antar_kadis_id_seq1 OWNED BY tembusan_surat_antar_kadis.id;


--
-- TOC entry 279 (class 1259 OID 86113)
-- Name: tembusan_surat_keluar; Type: TABLE; Schema: notadinas; Owner: postgres; Tablespace: 
--

CREATE TABLE tembusan_surat_keluar (
    id integer NOT NULL,
    id_jabatan integer NOT NULL,
    status character varying(200) NOT NULL,
    keterangan text,
    id_surat_keluar integer NOT NULL,
    tanggal date
);


ALTER TABLE notadinas.tembusan_surat_keluar OWNER TO postgres;

--
-- TOC entry 280 (class 1259 OID 86119)
-- Name: tembusan_surat_keluar_id_seq; Type: SEQUENCE; Schema: notadinas; Owner: postgres
--

CREATE SEQUENCE tembusan_surat_keluar_id_seq
    START WITH 1
    INCREMENT BY 1
    NO MINVALUE
    NO MAXVALUE
    CACHE 1;


ALTER TABLE notadinas.tembusan_surat_keluar_id_seq OWNER TO postgres;

--
-- TOC entry 3005 (class 0 OID 0)
-- Dependencies: 280
-- Name: tembusan_surat_keluar_id_seq; Type: SEQUENCE OWNED BY; Schema: notadinas; Owner: postgres
--

ALTER SEQUENCE tembusan_surat_keluar_id_seq OWNED BY tembusan_surat_keluar.id;


--
-- TOC entry 281 (class 1259 OID 86121)
-- Name: tembusan_surat_masuk; Type: TABLE; Schema: notadinas; Owner: postgres; Tablespace: 
--

CREATE TABLE tembusan_surat_masuk (
    id integer NOT NULL,
    id_jabatan integer NOT NULL,
    status integer NOT NULL,
    keterangan text NOT NULL,
    id_surat_masuk integer NOT NULL
);


ALTER TABLE notadinas.tembusan_surat_masuk OWNER TO postgres;

--
-- TOC entry 282 (class 1259 OID 86127)
-- Name: tembusan_surat_masuk_id_seq; Type: SEQUENCE; Schema: notadinas; Owner: postgres
--

CREATE SEQUENCE tembusan_surat_masuk_id_seq
    START WITH 1
    INCREMENT BY 1
    NO MINVALUE
    NO MAXVALUE
    CACHE 1;


ALTER TABLE notadinas.tembusan_surat_masuk_id_seq OWNER TO postgres;

--
-- TOC entry 3006 (class 0 OID 0)
-- Dependencies: 282
-- Name: tembusan_surat_masuk_id_seq; Type: SEQUENCE OWNED BY; Schema: notadinas; Owner: postgres
--

ALTER SEQUENCE tembusan_surat_masuk_id_seq OWNED BY tembusan_surat_masuk.id;


--
-- TOC entry 283 (class 1259 OID 86129)
-- Name: token_android; Type: TABLE; Schema: notadinas; Owner: postgres; Tablespace: 
--

CREATE TABLE token_android (
    id integer NOT NULL,
    token text
);


ALTER TABLE notadinas.token_android OWNER TO postgres;

--
-- TOC entry 284 (class 1259 OID 86135)
-- Name: token_android_id_seq; Type: SEQUENCE; Schema: notadinas; Owner: postgres
--

CREATE SEQUENCE token_android_id_seq
    START WITH 1
    INCREMENT BY 1
    NO MINVALUE
    NO MAXVALUE
    CACHE 1;


ALTER TABLE notadinas.token_android_id_seq OWNER TO postgres;

--
-- TOC entry 3007 (class 0 OID 0)
-- Dependencies: 284
-- Name: token_android_id_seq; Type: SEQUENCE OWNED BY; Schema: notadinas; Owner: postgres
--

ALTER SEQUENCE token_android_id_seq OWNED BY token_android.id;


--
-- TOC entry 2525 (class 2604 OID 86538)
-- Name: id_aksi_disposisi_surat_masuk; Type: DEFAULT; Schema: notadinas; Owner: postgres
--

ALTER TABLE ONLY aksi_disposisi_surat_masuk ALTER COLUMN id_aksi_disposisi_surat_masuk SET DEFAULT nextval('aksi_disposisi_surat_masuk_id_aksi_disposisi_surat_masuk_seq'::regclass);


--
-- TOC entry 2526 (class 2604 OID 86539)
-- Name: id_disposisi_surat_masuk_satuan; Type: DEFAULT; Schema: notadinas; Owner: postgres
--

ALTER TABLE ONLY aksi_disposisi_surat_masuk_satuan ALTER COLUMN id_disposisi_surat_masuk_satuan SET DEFAULT nextval('aksi_disposisi_surat_masuk_sa_id_disposisi_surat_masuk_satu_seq'::regclass);


--
-- TOC entry 2527 (class 2604 OID 86540)
-- Name: id_arisp_surat_masuk; Type: DEFAULT; Schema: notadinas; Owner: postgres
--

ALTER TABLE ONLY arsip_surat_masuk ALTER COLUMN id_arisp_surat_masuk SET DEFAULT nextval('arsip_surat_masuk_id_arisp_surat_masuk_seq'::regclass);


--
-- TOC entry 2528 (class 2604 OID 86541)
-- Name: id; Type: DEFAULT; Schema: notadinas; Owner: postgres
--

ALTER TABLE ONLY disposisi_nota_dinas ALTER COLUMN id SET DEFAULT nextval('disposisi_nota_dinas_id_seq'::regclass);


--
-- TOC entry 2529 (class 2604 OID 86542)
-- Name: id; Type: DEFAULT; Schema: notadinas; Owner: postgres
--

ALTER TABLE ONLY disposisi_surat_keluar ALTER COLUMN id SET DEFAULT nextval('disposisi_surat_keluar_id_seq'::regclass);


--
-- TOC entry 2530 (class 2604 OID 86543)
-- Name: id; Type: DEFAULT; Schema: notadinas; Owner: postgres
--

ALTER TABLE ONLY disposisi_surat_masuk ALTER COLUMN id SET DEFAULT nextval('disposisi_surat_masuk_id_seq'::regclass);


--
-- TOC entry 2531 (class 2604 OID 86544)
-- Name: id_feednota; Type: DEFAULT; Schema: notadinas; Owner: postgres
--

ALTER TABLE ONLY feedback_nota_dinas ALTER COLUMN id_feednota SET DEFAULT nextval('feedback_nota_dinas_id_feednota_seq'::regclass);


--
-- TOC entry 2532 (class 2604 OID 86545)
-- Name: id_feedback; Type: DEFAULT; Schema: notadinas; Owner: postgres
--

ALTER TABLE ONLY feedback_surat_masuk ALTER COLUMN id_feedback SET DEFAULT nextval('feedback_surat_masuk_id_feedback_seq'::regclass);


--
-- TOC entry 2533 (class 2604 OID 86546)
-- Name: id_kegiatan; Type: DEFAULT; Schema: notadinas; Owner: postgres
--

ALTER TABLE ONLY kegiatan_dinas ALTER COLUMN id_kegiatan SET DEFAULT nextval('kegiatan_dinas_id_kegiatan_seq'::regclass);


--
-- TOC entry 2534 (class 2604 OID 86547)
-- Name: id; Type: DEFAULT; Schema: notadinas; Owner: postgres
--

ALTER TABLE ONLY log_proses_nota_dinas ALTER COLUMN id SET DEFAULT nextval('log_proses_nota_dinas_id_seq'::regclass);


--
-- TOC entry 2535 (class 2604 OID 86548)
-- Name: id; Type: DEFAULT; Schema: notadinas; Owner: postgres
--

ALTER TABLE ONLY log_proses_surat_antar_kadis ALTER COLUMN id SET DEFAULT nextval('log_proses_surat_antar_kadis_id_seq'::regclass);


--
-- TOC entry 2536 (class 2604 OID 86549)
-- Name: id; Type: DEFAULT; Schema: notadinas; Owner: postgres
--

ALTER TABLE ONLY log_proses_surat_keluar ALTER COLUMN id SET DEFAULT nextval('log_proses_surat_keluar_id_seq'::regclass);


--
-- TOC entry 2537 (class 2604 OID 86550)
-- Name: id; Type: DEFAULT; Schema: notadinas; Owner: postgres
--

ALTER TABLE ONLY log_proses_surat_masuk ALTER COLUMN id SET DEFAULT nextval('log_proses_surat_masuk_id_seq'::regclass);


--
-- TOC entry 2538 (class 2604 OID 86551)
-- Name: id; Type: DEFAULT; Schema: notadinas; Owner: postgres
--

ALTER TABLE ONLY master_aksi ALTER COLUMN id SET DEFAULT nextval('master_aksi_id_seq'::regclass);


--
-- TOC entry 2539 (class 2604 OID 86552)
-- Name: id_arsip_surat; Type: DEFAULT; Schema: notadinas; Owner: postgres
--

ALTER TABLE ONLY master_arsip_surat ALTER COLUMN id_arsip_surat SET DEFAULT nextval('master_arsip_surat_id_arsip_antar_seq'::regclass);


--
-- TOC entry 2540 (class 2604 OID 86553)
-- Name: id_box; Type: DEFAULT; Schema: notadinas; Owner: postgres
--

ALTER TABLE ONLY master_box ALTER COLUMN id_box SET DEFAULT nextval('master_box_id_box_seq'::regclass);


--
-- TOC entry 2543 (class 2604 OID 86554)
-- Name: id_doktrin; Type: DEFAULT; Schema: notadinas; Owner: postgres
--

ALTER TABLE ONLY master_doktrin ALTER COLUMN id_doktrin SET DEFAULT nextval('master_doktrin_id_doktrin_seq'::regclass);


--
-- TOC entry 2544 (class 2604 OID 86555)
-- Name: id; Type: DEFAULT; Schema: notadinas; Owner: postgres
--

ALTER TABLE ONLY master_grup ALTER COLUMN id SET DEFAULT nextval('master_grup_id_seq'::regclass);


--
-- TOC entry 2545 (class 2604 OID 86556)
-- Name: id; Type: DEFAULT; Schema: notadinas; Owner: postgres
--

ALTER TABLE ONLY master_jabatan ALTER COLUMN id SET DEFAULT nextval('master_jabatan_id_seq'::regclass);


--
-- TOC entry 2546 (class 2604 OID 86557)
-- Name: id_jenis_surat_masuk; Type: DEFAULT; Schema: notadinas; Owner: postgres
--

ALTER TABLE ONLY master_jenis_surat_masuk ALTER COLUMN id_jenis_surat_masuk SET DEFAULT nextval('master_jenis_surat_masuk_id_jenis_surat_masuk_seq'::regclass);


--
-- TOC entry 2547 (class 2604 OID 86558)
-- Name: id_kategori; Type: DEFAULT; Schema: notadinas; Owner: postgres
--

ALTER TABLE ONLY master_kategori ALTER COLUMN id_kategori SET DEFAULT nextval('master_kategori_id_kategori_seq'::regclass);


--
-- TOC entry 2548 (class 2604 OID 86559)
-- Name: id_klasifikasi; Type: DEFAULT; Schema: notadinas; Owner: postgres
--

ALTER TABLE ONLY master_klasifikasi_surat ALTER COLUMN id_klasifikasi SET DEFAULT nextval('master_klarifikasi_surat_id_klarifikasi_seq'::regclass);


--
-- TOC entry 2541 (class 2604 OID 86560)
-- Name: id_master_klasifikasi_surat_masuk; Type: DEFAULT; Schema: notadinas; Owner: postgres
--

ALTER TABLE ONLY master_klasifikasi_surat_masuk ALTER COLUMN id_master_klasifikasi_surat_masuk SET DEFAULT nextval('master_klasifikasi_surat_masu_id_master_klasifikasi_surat_m_seq'::regclass);


--
-- TOC entry 2549 (class 2604 OID 86561)
-- Name: id_lemari; Type: DEFAULT; Schema: notadinas; Owner: postgres
--

ALTER TABLE ONLY master_lemari ALTER COLUMN id_lemari SET DEFAULT nextval('master_lemari_id_lemari_seq'::regclass);


--
-- TOC entry 2550 (class 2604 OID 86562)
-- Name: id; Type: DEFAULT; Schema: notadinas; Owner: postgres
--

ALTER TABLE ONLY master_proses_nota_dinas ALTER COLUMN id SET DEFAULT nextval('master_proses_nota_dinas_id_seq'::regclass);


--
-- TOC entry 2551 (class 2604 OID 86563)
-- Name: id; Type: DEFAULT; Schema: notadinas; Owner: postgres
--

ALTER TABLE ONLY master_proses_surat_keluar ALTER COLUMN id SET DEFAULT nextval('master_proses_surat_keluar_id_seq'::regclass);


--
-- TOC entry 2552 (class 2604 OID 86564)
-- Name: id; Type: DEFAULT; Schema: notadinas; Owner: postgres
--

ALTER TABLE ONLY master_proses_surat_masuk ALTER COLUMN id SET DEFAULT nextval('master_proses_surat_masuk_id_seq'::regclass);


--
-- TOC entry 2553 (class 2604 OID 86565)
-- Name: id_rak; Type: DEFAULT; Schema: notadinas; Owner: postgres
--

ALTER TABLE ONLY master_rak ALTER COLUMN id_rak SET DEFAULT nextval('master_rak_id_rak_seq'::regclass);


--
-- TOC entry 2554 (class 2604 OID 86566)
-- Name: id_ruang; Type: DEFAULT; Schema: notadinas; Owner: postgres
--

ALTER TABLE ONLY master_ruang ALTER COLUMN id_ruang SET DEFAULT nextval('master_ruang_id_ruang_seq'::regclass);


--
-- TOC entry 2555 (class 2604 OID 86567)
-- Name: id; Type: DEFAULT; Schema: notadinas; Owner: postgres
--

ALTER TABLE ONLY master_satuan ALTER COLUMN id SET DEFAULT nextval('master_satuan_id_seq'::regclass);


--
-- TOC entry 2556 (class 2604 OID 86568)
-- Name: id_subjabatan; Type: DEFAULT; Schema: notadinas; Owner: postgres
--

ALTER TABLE ONLY master_subjabatan ALTER COLUMN id_subjabatan SET DEFAULT nextval('master_subjabatan_id_subjabatan_seq'::regclass);


--
-- TOC entry 2557 (class 2604 OID 86569)
-- Name: id_master_surat_keluar; Type: DEFAULT; Schema: notadinas; Owner: postgres
--

ALTER TABLE ONLY master_surat_keluar ALTER COLUMN id_master_surat_keluar SET DEFAULT nextval('master_surat_keluar_id_master_surat_keluar_seq'::regclass);


--
-- TOC entry 2558 (class 2604 OID 86570)
-- Name: id_master_surat_masuk; Type: DEFAULT; Schema: notadinas; Owner: postgres
--

ALTER TABLE ONLY master_surat_masuk ALTER COLUMN id_master_surat_masuk SET DEFAULT nextval('master_surat_masuk_id_master_surat_masuk_seq'::regclass);


--
-- TOC entry 2559 (class 2604 OID 86571)
-- Name: id; Type: DEFAULT; Schema: notadinas; Owner: postgres
--

ALTER TABLE ONLY master_tingkatan ALTER COLUMN id SET DEFAULT nextval('master_tingkatan_id_seq'::regclass);


--
-- TOC entry 2560 (class 2604 OID 86572)
-- Name: id; Type: DEFAULT; Schema: notadinas; Owner: postgres
--

ALTER TABLE ONLY master_tujuan ALTER COLUMN id SET DEFAULT nextval('master_tujuan_id_seq'::regclass);


--
-- TOC entry 2561 (class 2604 OID 86573)
-- Name: id; Type: DEFAULT; Schema: notadinas; Owner: postgres
--

ALTER TABLE ONLY master_user ALTER COLUMN id SET DEFAULT nextval('master_user_id_seq'::regclass);


--
-- TOC entry 2562 (class 2604 OID 86574)
-- Name: id; Type: DEFAULT; Schema: notadinas; Owner: postgres
--

ALTER TABLE ONLY nota_dinas ALTER COLUMN id SET DEFAULT nextval('nota_dinas_id_seq'::regclass);


--
-- TOC entry 2563 (class 2604 OID 86575)
-- Name: id_notif; Type: DEFAULT; Schema: notadinas; Owner: postgres
--

ALTER TABLE ONLY notif_sk ALTER COLUMN id_notif SET DEFAULT nextval('notif_sk_id_notif_seq'::regclass);


--
-- TOC entry 2564 (class 2604 OID 86576)
-- Name: id_notif; Type: DEFAULT; Schema: notadinas; Owner: postgres
--

ALTER TABLE ONLY notif_sm ALTER COLUMN id_notif SET DEFAULT nextval('notif_sm_id_notif_seq'::regclass);


--
-- TOC entry 2565 (class 2604 OID 86577)
-- Name: id; Type: DEFAULT; Schema: notadinas; Owner: postgres
--

ALTER TABLE ONLY surat_antar_kadis ALTER COLUMN id SET DEFAULT nextval('surat_antar_kadis_id_seq'::regclass);


--
-- TOC entry 2566 (class 2604 OID 86578)
-- Name: id; Type: DEFAULT; Schema: notadinas; Owner: postgres
--

ALTER TABLE ONLY surat_keluar ALTER COLUMN id SET DEFAULT nextval('surat_keluar_id_seq'::regclass);


--
-- TOC entry 2567 (class 2604 OID 86579)
-- Name: id; Type: DEFAULT; Schema: notadinas; Owner: postgres
--

ALTER TABLE ONLY surat_masuk ALTER COLUMN id SET DEFAULT nextval('surat_masuk_id_seq'::regclass);


--
-- TOC entry 2568 (class 2604 OID 86580)
-- Name: id; Type: DEFAULT; Schema: notadinas; Owner: postgres
--

ALTER TABLE ONLY tembusan_nota_dinas ALTER COLUMN id SET DEFAULT nextval('tembusan_nota_dinas_id_seq'::regclass);


--
-- TOC entry 2569 (class 2604 OID 86581)
-- Name: id; Type: DEFAULT; Schema: notadinas; Owner: postgres
--

ALTER TABLE ONLY tembusan_surat_antar_kadis ALTER COLUMN id SET DEFAULT nextval('tembusan_surat_antar_kadis_id_seq1'::regclass);


--
-- TOC entry 2570 (class 2604 OID 86582)
-- Name: id; Type: DEFAULT; Schema: notadinas; Owner: postgres
--

ALTER TABLE ONLY tembusan_surat_antar_kadis_backup ALTER COLUMN id SET DEFAULT nextval('tembusan_surat_antar_kadis_id_seq'::regclass);


--
-- TOC entry 2571 (class 2604 OID 86583)
-- Name: id; Type: DEFAULT; Schema: notadinas; Owner: postgres
--

ALTER TABLE ONLY tembusan_surat_keluar ALTER COLUMN id SET DEFAULT nextval('tembusan_surat_keluar_id_seq'::regclass);


--
-- TOC entry 2572 (class 2604 OID 86584)
-- Name: id; Type: DEFAULT; Schema: notadinas; Owner: postgres
--

ALTER TABLE ONLY tembusan_surat_masuk ALTER COLUMN id SET DEFAULT nextval('tembusan_surat_masuk_id_seq'::regclass);


--
-- TOC entry 2573 (class 2604 OID 86585)
-- Name: id; Type: DEFAULT; Schema: notadinas; Owner: postgres
--

ALTER TABLE ONLY token_android ALTER COLUMN id SET DEFAULT nextval('token_android_id_seq'::regclass);


--
-- TOC entry 2856 (class 0 OID 85773)
-- Dependencies: 185
-- Data for Name: aksi_disposisi; Type: TABLE DATA; Schema: notadinas; Owner: postgres
--

COPY aksi_disposisi (id) FROM stdin;
\.


--
-- TOC entry 2857 (class 0 OID 85776)
-- Dependencies: 186
-- Data for Name: aksi_disposisi_surat_masuk; Type: TABLE DATA; Schema: notadinas; Owner: postgres
--

COPY aksi_disposisi_surat_masuk (id_aksi_disposisi_surat_masuk, id_disposisi_surat_masuk, id_aksi, aksi) FROM stdin;
56	74	1	ACC
57	74	2	TINDAK LANJUTI
58	71	1	ACC
59	71	2	TINDAK LANJUTI
60	75	2	TINDAK LANJUTI
61	76	1	ACC
62	76	2	TINDAK LANJUTI
63	76	1	ACC
64	76	2	TINDAK LANJUTI
65	76	1	ACC
66	76	2	TINDAK LANJUTI
67	77	2	TINDAK LANJUTI
68	79	2	TINDAK LANJUTI
69	80	2	TINDAK LANJUTI
70	81	2	TINDAK LANJUTI
71	82	2	TINDAK LANJUTI
72	78	2	TINDAK LANJUTI
73	83	2	TINDAK LANJUTI
74	84	2	TINDAK LANJUTI
75	85	2	TINDAK LANJUTI
76	86	2	TINDAK LANJUTI
77	87	2	TINDAK LANJUTI
78	88	10	IKUTI PERKEMBANGAN / MONITOR
79	89	1	ACC
80	91	1	ACC
81	90	14	TINDAK LANJUTI
82	92	11	ACARAKAN
83	93	10	IKUTI PERKEMBANGAN / MONITOR
84	94	14	TINDAK LANJUTI
85	95	14	TINDAK LANJUTI
86	96	5	ARSIP
87	97	2	KOORDINASIKAN
88	97	14	TINDAK LANJUTI
89	98	14	TINDAK LANJUTI
90	99	14	TINDAK LANJUTI
91	100	14	TINDAK LANJUTI
92	101	14	TINDAK LANJUTI
93	102	14	TINDAK LANJUTI
94	105	3	ACARAKAN
95	106	7	SIAPKAN
96	107	14	TINDAK LANJUTI
97	108	14	TINDAK LANJUTI
98	109	2	KOORDINASIKAN
99	110	7	SIAPKAN
100	112	9	WAKILI
101	113	3	ACARAKAN
102	114	16	UMUMKAN
103	115	6	HADIR
104	117	14	TINDAK LANJUTI
105	118	3	ACARAKAN
106	120	3	ACARAKAN
107	120	6	HADIR
108	121	10	IKUTI PERKEMBANGAN / MONITOR
109	121	14	TINDAK LANJUTI
110	121	10	IKUTI PERKEMBANGAN / MONITOR
111	121	14	TINDAK LANJUTI
112	122	3	ACARAKAN
113	127	2	KOORDINASIKAN
114	128	3	ACARAKAN
115	129	15	TANGGAPAN / SARAN
116	130	3	ACARAKAN
117	130	6	HADIR
118	131	2	KOORDINASIKAN
119	131	7	SIAPKAN
120	132	14	TINDAK LANJUTI
121	132	14	TINDAK LANJUTI
122	136	14	TINDAK LANJUTI
123	137	10	IKUTI PERKEMBANGAN / MONITOR
124	138	7	SIAPKAN
125	144	5	ARSIP
126	144	5	ARSIP
127	144	8	SEBAGAI BAHAN / REF
128	144	5	ARSIP
129	144	8	SEBAGAI BAHAN / REF
130	144	5	ARSIP
131	144	8	SEBAGAI BAHAN / REF
132	144	5	ARSIP
133	144	8	SEBAGAI BAHAN / REF
134	144	5	ARSIP
135	144	8	SEBAGAI BAHAN / REF
136	147	2	KOORDINASIKAN
137	149	12	UNTUK DIKETAHUI
138	149	12	UNTUK DIKETAHUI
139	149	12	UNTUK DIKETAHUI
140	149	12	UNTUK DIKETAHUI
141	149	12	UNTUK DIKETAHUI
142	149	12	UNTUK DIKETAHUI
143	149	12	UNTUK DIKETAHUI
144	149	12	UNTUK DIKETAHUI
145	149	12	UNTUK DIKETAHUI
146	149	12	UNTUK DIKETAHUI
147	149	12	UNTUK DIKETAHUI
148	149	12	UNTUK DIKETAHUI
149	149	12	UNTUK DIKETAHUI
150	149	12	UNTUK DIKETAHUI
151	148	6	HADIR
152	146	4	TERUSKAN
153	151	6	HADIR
154	151	6	HADIR
155	151	6	HADIR
156	151	6	HADIR
157	151	6	HADIR
158	151	6	HADIR
159	151	6	HADIR
160	151	6	HADIR
161	151	6	HADIR
162	151	6	HADIR
163	151	6	HADIR
164	151	6	HADIR
165	151	6	HADIR
166	150	6	HADIR
167	156	2	KOORDINASIKAN
168	156	4	TERUSKAN
169	156	5	ARSIP
170	156	6	HADIR
171	156	15	TANGGAPAN / SARAN
172	156	2	KOORDINASIKAN
173	156	4	TERUSKAN
174	156	5	ARSIP
175	156	6	HADIR
176	156	15	TANGGAPAN / SARAN
177	156	2	KOORDINASIKAN
178	156	4	TERUSKAN
179	156	5	ARSIP
180	156	6	HADIR
181	156	15	TANGGAPAN / SARAN
182	157	3	ACARAKAN
183	157	2	KOORDINASIKAN
184	157	5	ARSIP
185	157	6	HADIR
186	157	7	SIAPKAN
187	157	10	IKUTI PERKEMBANGAN / MONITOR
188	157	3	ACARAKAN
189	157	2	KOORDINASIKAN
190	157	5	ARSIP
191	157	6	HADIR
192	157	7	SIAPKAN
193	157	10	IKUTI PERKEMBANGAN / MONITOR
194	158	1	ACC
195	158	3	ACARAKAN
196	158	2	KOORDINASIKAN
197	158	4	TERUSKAN
198	158	5	ARSIP
199	158	6	HADIR
200	158	11	ACARAKAN
201	159	1	ACC
202	159	3	ACARAKAN
203	159	2	KOORDINASIKAN
204	159	4	TERUSKAN
205	159	5	ARSIP
206	159	6	HADIR
207	159	7	SIAPKAN
208	159	10	IKUTI PERKEMBANGAN / MONITOR
209	160	1	ACC
210	160	3	ACARAKAN
211	160	2	KOORDINASIKAN
212	160	4	TERUSKAN
213	160	5	ARSIP
214	160	6	HADIR
215	160	7	SIAPKAN
216	160	10	IKUTI PERKEMBANGAN / MONITOR
217	161	1	ACC
218	161	3	ACARAKAN
219	161	2	KOORDINASIKAN
220	161	4	TERUSKAN
221	161	5	ARSIP
222	161	6	HADIR
223	161	7	SIAPKAN
224	161	10	IKUTI PERKEMBANGAN / MONITOR
225	162	1	ACC
226	162	3	ACARAKAN
227	162	5	ARSIP
228	162	6	HADIR
229	162	1	ACC
230	162	3	ACARAKAN
231	162	5	ARSIP
232	162	6	HADIR
233	162	1	ACC
234	162	3	ACARAKAN
235	162	5	ARSIP
236	162	6	HADIR
237	162	1	ACC
238	162	3	ACARAKAN
239	162	5	ARSIP
240	162	6	HADIR
241	162	1	ACC
242	162	3	ACARAKAN
243	162	5	ARSIP
244	162	6	HADIR
245	163	1	ACC
246	163	3	ACARAKAN
247	163	2	KOORDINASIKAN
248	163	4	TERUSKAN
249	163	5	ARSIP
250	164	1	ACC
251	164	3	ACARAKAN
252	164	2	KOORDINASIKAN
253	164	5	ARSIP
254	164	6	HADIR
255	164	7	SIAPKAN
256	164	1	ACC
257	164	3	ACARAKAN
258	164	2	KOORDINASIKAN
259	164	5	ARSIP
260	164	6	HADIR
261	164	7	SIAPKAN
265	166	1	ACC
266	166	3	ACARAKAN
267	166	5	ARSIP
268	166	6	HADIR
\.


--
-- TOC entry 3008 (class 0 OID 0)
-- Dependencies: 187
-- Name: aksi_disposisi_surat_masuk_id_aksi_disposisi_surat_masuk_seq; Type: SEQUENCE SET; Schema: notadinas; Owner: postgres
--

SELECT pg_catalog.setval('aksi_disposisi_surat_masuk_id_aksi_disposisi_surat_masuk_seq', 270, true);


--
-- TOC entry 3009 (class 0 OID 0)
-- Dependencies: 189
-- Name: aksi_disposisi_surat_masuk_sa_id_disposisi_surat_masuk_satu_seq; Type: SEQUENCE SET; Schema: notadinas; Owner: postgres
--

SELECT pg_catalog.setval('aksi_disposisi_surat_masuk_sa_id_disposisi_surat_masuk_satu_seq', 147, true);


--
-- TOC entry 2859 (class 0 OID 85784)
-- Dependencies: 188
-- Data for Name: aksi_disposisi_surat_masuk_satuan; Type: TABLE DATA; Schema: notadinas; Owner: postgres
--

COPY aksi_disposisi_surat_masuk_satuan (id_disposisi_surat_masuk_satuan, id_aksi, id_surat_masuk, aksi) FROM stdin;
14	1	74	ACC
15	2	74	TINDAK LANJUTI
16	3	75	ACARAKAN
17	2	75	TINDAK LANJUTI
18	2	75	TINDAK LANJUTI
19	2	76	TINDAK LANJUTI
20	2	76	TINDAK LANJUTI
21	2	76	TINDAK LANJUTI
22	2	76	TINDAK LANJUTI
23	2	77	TINDAK LANJUTI
24	2	80	TINDAK LANJUTI
25	2	78	TINDAK LANJUTI
26	2	84	TINDAK LANJUTI
27	2	86	TINDAK LANJUTI
28	2	87	TINDAK LANJUTI
29	6	88	HADIR
30	6	91	HADIR
31	5	92	ARSIP
32	6	93	HADIR
33	1	94	ACC
34	1	95	ACC
35	6	96	HADIR
36	14	97	TINDAK LANJUTI
37	14	97	TINDAK LANJUTI
38	14	98	TINDAK LANJUTI
39	14	98	TINDAK LANJUTI
40	14	99	TINDAK LANJUTI
41	14	90	TINDAK LANJUTI
42	1	100	ACC
43	1	100	ACC
44	14	101	TINDAK LANJUTI
45	3	102	ACARAKAN
46	9	105	WAKILI
47	14	106	TINDAK LANJUTI
48	14	106	TINDAK LANJUTI
49	14	107	TINDAK LANJUTI
50	14	107	TINDAK LANJUTI
51	6	112	HADIR
52	6	112	HADIR
53	5	115	ARSIP
54	14	117	TINDAK LANJUTI
55	14	117	TINDAK LANJUTI
56	14	117	TINDAK LANJUTI
57	16	119	UMUMKAN
58	15	118	TANGGAPAN / SARAN
59	3	120	ACARAKAN
60	10	120	IKUTI PERKEMBANGAN / MONITOR
61	14	120	TINDAK LANJUTI
62	3	120	ACARAKAN
63	10	120	IKUTI PERKEMBANGAN / MONITOR
64	14	120	TINDAK LANJUTI
65	1	121	ACC
66	3	127	ACARAKAN
67	3	127	ACARAKAN
68	3	127	ACARAKAN
69	6	129	HADIR
70	3	131	ACARAKAN
71	3	131	ACARAKAN
72	15	131	TANGGAPAN / SARAN
73	3	131	ACARAKAN
74	15	131	TANGGAPAN / SARAN
75	16	131	UMUMKAN
76	2	132	KOORDINASIKAN
77	2	132	KOORDINASIKAN
78	10	136	IKUTI PERKEMBANGAN / MONITOR
79	15	137	TANGGAPAN / SARAN
80	7	138	SIAPKAN
81	7	138	SIAPKAN
82	7	138	SIAPKAN
83	7	138	SIAPKAN
84	7	145	SIAPKAN
85	7	145	SIAPKAN
86	16	144	UMUMKAN
87	16	144	UMUMKAN
88	16	144	UMUMKAN
89	3	144	ACARAKAN
90	16	144	UMUMKAN
91	3	144	ACARAKAN
92	16	144	UMUMKAN
93	3	144	ACARAKAN
94	16	144	UMUMKAN
95	2	149	KOORDINASIKAN
96	2	149	KOORDINASIKAN
97	2	149	KOORDINASIKAN
98	2	149	KOORDINASIKAN
99	2	149	KOORDINASIKAN
100	3	149	ACARAKAN
101	2	149	KOORDINASIKAN
102	3	149	ACARAKAN
103	2	149	KOORDINASIKAN
104	3	149	ACARAKAN
105	2	149	KOORDINASIKAN
106	3	149	ACARAKAN
107	2	149	KOORDINASIKAN
108	3	149	ACARAKAN
109	2	149	KOORDINASIKAN
110	3	149	ACARAKAN
111	2	149	KOORDINASIKAN
112	3	149	ACARAKAN
113	2	149	KOORDINASIKAN
114	3	149	ACARAKAN
115	2	149	KOORDINASIKAN
116	3	149	ACARAKAN
117	2	149	KOORDINASIKAN
118	3	149	ACARAKAN
119	2	149	KOORDINASIKAN
120	3	149	ACARAKAN
121	2	149	KOORDINASIKAN
122	3	149	ACARAKAN
123	2	149	KOORDINASIKAN
124	3	149	ACARAKAN
125	2	149	KOORDINASIKAN
126	3	149	ACARAKAN
127	2	149	KOORDINASIKAN
128	3	149	ACARAKAN
129	2	149	KOORDINASIKAN
130	3	149	ACARAKAN
131	2	149	KOORDINASIKAN
132	1	158	ACC
133	3	158	ACARAKAN
134	2	158	KOORDINASIKAN
135	4	158	TERUSKAN
136	5	158	ARSIP
137	6	158	HADIR
138	7	158	SIAPKAN
139	10	158	IKUTI PERKEMBANGAN / MONITOR
140	1	161	ACC
141	3	161	ACARAKAN
142	2	161	KOORDINASIKAN
143	4	161	TERUSKAN
144	5	161	ARSIP
145	6	161	HADIR
146	7	161	SIAPKAN
147	10	161	IKUTI PERKEMBANGAN / MONITOR
\.


--
-- TOC entry 2861 (class 0 OID 85789)
-- Dependencies: 190
-- Data for Name: arsip_surat_masuk; Type: TABLE DATA; Schema: notadinas; Owner: postgres
--

COPY arsip_surat_masuk (id_arisp_surat_masuk, id_jenis_surat_masuk, nama_jenis_surat_masuk, id_ruang, nama_ruang, id_rak, nama_rak, id_box, nama_box, id_lemari, nama_lemari) FROM stdin;
3	5	Surat Masuk Luar Negeri	1	RUANG 1	1	KAYU 1	1	BOX 1	1	LM1
4	4	Telegram Rahasia	1	RUANG 1	1	KAYU 1	1	BOX 1	1	LM1
\.


--
-- TOC entry 3010 (class 0 OID 0)
-- Dependencies: 191
-- Name: arsip_surat_masuk_id_arisp_surat_masuk_seq; Type: SEQUENCE SET; Schema: notadinas; Owner: postgres
--

SELECT pg_catalog.setval('arsip_surat_masuk_id_arisp_surat_masuk_seq', 4, true);


--
-- TOC entry 2863 (class 0 OID 85797)
-- Dependencies: 192
-- Data for Name: disposisi_nota_dinas; Type: TABLE DATA; Schema: notadinas; Owner: postgres
--

COPY disposisi_nota_dinas (id, penerima_disposisi, id_log_proses, status, "Keterangan") FROM stdin;
\.


--
-- TOC entry 3011 (class 0 OID 0)
-- Dependencies: 193
-- Name: disposisi_nota_dinas_id_seq; Type: SEQUENCE SET; Schema: notadinas; Owner: postgres
--

SELECT pg_catalog.setval('disposisi_nota_dinas_id_seq', 1, false);


--
-- TOC entry 2865 (class 0 OID 85805)
-- Dependencies: 194
-- Data for Name: disposisi_surat_keluar; Type: TABLE DATA; Schema: notadinas; Owner: postgres
--

COPY disposisi_surat_keluar (id, penerima_disposisi, id_log_proses, status, "Keterangan") FROM stdin;
\.


--
-- TOC entry 3012 (class 0 OID 0)
-- Dependencies: 195
-- Name: disposisi_surat_keluar_id_seq; Type: SEQUENCE SET; Schema: notadinas; Owner: postgres
--

SELECT pg_catalog.setval('disposisi_surat_keluar_id_seq', 1, false);


--
-- TOC entry 2867 (class 0 OID 85813)
-- Dependencies: 196
-- Data for Name: disposisi_surat_masuk; Type: TABLE DATA; Schema: notadinas; Owner: postgres
--

COPY disposisi_surat_masuk (id, penerima_disposisi, id_log_proses, jenis, status, aksi, keterangan, id_surat_masuk, disposisi, penerima_disposisi_satuan) FROM stdin;
\.


--
-- TOC entry 3013 (class 0 OID 0)
-- Dependencies: 197
-- Name: disposisi_surat_masuk_id_seq; Type: SEQUENCE SET; Schema: notadinas; Owner: postgres
--

SELECT pg_catalog.setval('disposisi_surat_masuk_id_seq', 522, true);


--
-- TOC entry 2869 (class 0 OID 85821)
-- Dependencies: 198
-- Data for Name: feedback_nota_dinas; Type: TABLE DATA; Schema: notadinas; Owner: postgres
--

COPY feedback_nota_dinas (id_feednota, id_nota_dinas, pengirim, created_at, pesan_feedback, waktu, baca) FROM stdin;
\.


--
-- TOC entry 3014 (class 0 OID 0)
-- Dependencies: 199
-- Name: feedback_nota_dinas_id_feednota_seq; Type: SEQUENCE SET; Schema: notadinas; Owner: postgres
--

SELECT pg_catalog.setval('feedback_nota_dinas_id_feednota_seq', 3, true);


--
-- TOC entry 2871 (class 0 OID 85829)
-- Dependencies: 200
-- Data for Name: feedback_surat_masuk; Type: TABLE DATA; Schema: notadinas; Owner: postgres
--

COPY feedback_surat_masuk (id_feedback, id_surat_masuk, pengirim, created_at, pesan_feedback, waktu, baca) FROM stdin;
\.


--
-- TOC entry 3015 (class 0 OID 0)
-- Dependencies: 201
-- Name: feedback_surat_masuk_id_feedback_seq; Type: SEQUENCE SET; Schema: notadinas; Owner: postgres
--

SELECT pg_catalog.setval('feedback_surat_masuk_id_feedback_seq', 92, true);


--
-- TOC entry 2873 (class 0 OID 85837)
-- Dependencies: 202
-- Data for Name: kegiatan_dinas; Type: TABLE DATA; Schema: notadinas; Owner: postgres
--

COPY kegiatan_dinas (id_kegiatan, nama_kegiatan) FROM stdin;
1	kegiatan Dinas ke Jakaarta
2	Kegiatan Dinas ke Bandung
3	edc
4	qaz
5	a
6	Persiapan Launching
7	Undangan Rapat Pleno
8	rexy
9	asd"
10	jk"hjk
11	Olahraga pagi
12	Lomba lari
\.


--
-- TOC entry 3016 (class 0 OID 0)
-- Dependencies: 203
-- Name: kegiatan_dinas_id_kegiatan_seq; Type: SEQUENCE SET; Schema: notadinas; Owner: postgres
--

SELECT pg_catalog.setval('kegiatan_dinas_id_kegiatan_seq', 12, true);


--
-- TOC entry 2875 (class 0 OID 85845)
-- Dependencies: 204
-- Data for Name: log_proses_nota_dinas; Type: TABLE DATA; Schema: notadinas; Owner: postgres
--

COPY log_proses_nota_dinas (id, id_notadinas, tanggal_proses, pengirim, penerima, keterangan, id_proses, komentar) FROM stdin;
\.


--
-- TOC entry 3017 (class 0 OID 0)
-- Dependencies: 205
-- Name: log_proses_nota_dinas_id_seq; Type: SEQUENCE SET; Schema: notadinas; Owner: postgres
--

SELECT pg_catalog.setval('log_proses_nota_dinas_id_seq', 1, false);


--
-- TOC entry 2877 (class 0 OID 85853)
-- Dependencies: 206
-- Data for Name: log_proses_surat_antar_kadis; Type: TABLE DATA; Schema: notadinas; Owner: postgres
--

COPY log_proses_surat_antar_kadis (id, id_surat, tanggal_proses, pengirim, penerima, "Keterangan", id_proses, komentar) FROM stdin;
\.


--
-- TOC entry 3018 (class 0 OID 0)
-- Dependencies: 207
-- Name: log_proses_surat_antar_kadis_id_seq; Type: SEQUENCE SET; Schema: notadinas; Owner: postgres
--

SELECT pg_catalog.setval('log_proses_surat_antar_kadis_id_seq', 1, false);


--
-- TOC entry 2879 (class 0 OID 85861)
-- Dependencies: 208
-- Data for Name: log_proses_surat_keluar; Type: TABLE DATA; Schema: notadinas; Owner: postgres
--

COPY log_proses_surat_keluar (id, id_suratkeluar, tanggal_proses, pengirim, penerima, "Keterangan", id_proses, komentar, file_revisi) FROM stdin;
\.


--
-- TOC entry 3019 (class 0 OID 0)
-- Dependencies: 209
-- Name: log_proses_surat_keluar_id_seq; Type: SEQUENCE SET; Schema: notadinas; Owner: postgres
--

SELECT pg_catalog.setval('log_proses_surat_keluar_id_seq', 1, false);


--
-- TOC entry 2881 (class 0 OID 85869)
-- Dependencies: 210
-- Data for Name: log_proses_surat_masuk; Type: TABLE DATA; Schema: notadinas; Owner: postgres
--

COPY log_proses_surat_masuk (id, id_suratmasuk, tanggal_proses, pengirim, penerima, keterangan, id_proses, status) FROM stdin;
\.


--
-- TOC entry 3020 (class 0 OID 0)
-- Dependencies: 211
-- Name: log_proses_surat_masuk_id_seq; Type: SEQUENCE SET; Schema: notadinas; Owner: postgres
--

SELECT pg_catalog.setval('log_proses_surat_masuk_id_seq', 795, true);


--
-- TOC entry 2883 (class 0 OID 85877)
-- Dependencies: 212
-- Data for Name: master_aksi; Type: TABLE DATA; Schema: notadinas; Owner: postgres
--

COPY master_aksi (id, nama_aksi) FROM stdin;
1	ACC
3	ACARAKAN
2	KOORDINASIKAN
4	TERUSKAN
5	ARSIP
6	HADIR
7	SIAPKAN
8	SEBAGAI BAHAN / REF
9	WAKILI
10	IKUTI PERKEMBANGAN / MONITOR
11	ACARAKAN
12	UNTUK DIKETAHUI
13	DISTRIBUSI PEJABAT
14	TINDAK LANJUTI
15	TANGGAPAN / SARAN
16	UMUMKAN
\.


--
-- TOC entry 3021 (class 0 OID 0)
-- Dependencies: 213
-- Name: master_aksi_id_seq; Type: SEQUENCE SET; Schema: notadinas; Owner: postgres
--

SELECT pg_catalog.setval('master_aksi_id_seq', 16, true);


--
-- TOC entry 2885 (class 0 OID 85885)
-- Dependencies: 214
-- Data for Name: master_arsip_surat; Type: TABLE DATA; Schema: notadinas; Owner: postgres
--

COPY master_arsip_surat (id_arsip_surat, tipe_surat, agenda, ruang, lemari, rak, box) FROM stdin;
5	surat_keluar	0007/1/2018	1	2	2	2
6	surat_keluar	0001/1/2018	1	1	1	1
7	surat_masuk	0001/1/2017	1	2	2	2
3	surat_keluar	0008/1/2018	1	2	2	2
\.


--
-- TOC entry 3022 (class 0 OID 0)
-- Dependencies: 215
-- Name: master_arsip_surat_id_arsip_antar_seq; Type: SEQUENCE SET; Schema: notadinas; Owner: postgres
--

SELECT pg_catalog.setval('master_arsip_surat_id_arsip_antar_seq', 7, true);


--
-- TOC entry 2887 (class 0 OID 85893)
-- Dependencies: 216
-- Data for Name: master_box; Type: TABLE DATA; Schema: notadinas; Owner: postgres
--

COPY master_box (id_box, nama_box, id_rak) FROM stdin;
1	BOX 1	1
2	BOX 2	2
\.


--
-- TOC entry 3023 (class 0 OID 0)
-- Dependencies: 217
-- Name: master_box_id_box_seq; Type: SEQUENCE SET; Schema: notadinas; Owner: postgres
--

SELECT pg_catalog.setval('master_box_id_box_seq', 4, true);


--
-- TOC entry 2891 (class 0 OID 85903)
-- Dependencies: 220
-- Data for Name: master_derajat; Type: TABLE DATA; Schema: notadinas; Owner: postgres
--

COPY master_derajat (id_master_derajat, derajat) FROM stdin;
7	Kilat
8	Segara
11	12
9	Biasa
14	asa"sad
\.


--
-- TOC entry 2892 (class 0 OID 85907)
-- Dependencies: 221
-- Data for Name: master_doktrin; Type: TABLE DATA; Schema: notadinas; Owner: postgres
--

COPY master_doktrin (id_doktrin, tanggal, id_kategori, judul_peraturan, deskripsi_peraturan, nama_buku, pengarang, judul_halaman, terbit, file, id_buku, file_cover) FROM stdin;
42	1970-01-01	10	Juknis Pembuatan Hidropilar dan Bench Mark		Petunjuk Teknik tentang Pedoman Pembuatan Hidropilar dan Bench Mark dalam Pelaksanaan Survei dan Pemetaan Hidro-Oseanografi, TA. 2003/2004	Dinas Hidro-Oseanografi Mabesal	13	2004	Pedoman_Pembuatan_Hidropilar_dan_Bench_Mark_.pdf	BT-2004-01	Pedoman_Pembuatan_Hidropilar_dan_Bench_Mark_Cover_001.jpg
6	2018-05-01	10	Pedoman Akuisisi dan Analisis Data	Pusat Hidrografi dan Oseanografi TNI Angkatan Laut disingkat Pushidrosal bertugas menyelenggarakan pembinaan Hidrografi dan Oseanografi yg meliputi survei, penelitian, pemetaan laut, publikasi, penerapan lingkungan laut dan keselamatan navigasi pelayaran baik untuk kepentingan TNI maupun untuk kepentingan umum.	Buku Petunjuk Teknis Buku Petunjuk Teknis Pedoman Akuisisi dan Analisis Data Arus dengan ADCPNIS PEDOMAN AKUISISI DAN ANALISIS DATA ARUS DENGAN ADCP	Pushidrosal	30	2017	BUJUKNIS_PEDOMAN_AKUISISI_DAN_ANALISIS_DATA_ARUS_DENGAN_ADCP.pdf	BT-2017-01	Capture2.JPG
48	1970-01-01	10	Petunjuk Pengamanan Informasi dan Data Hidro-Osenaografi		Petunjuk Teknik Pengamanan Informasi dan Data Hidro-Oseanografi 	Mabesal TNI	26	2004	Pengamanan_Informasi_dan_Data_Hidro-Oseanografi_.pdf	BP-2004-01	Pengamanan_Informasi_dan_Data_Hidro-Oseanografi_cover_001.jpg
32	2002-04-01	15	Juklak Pemanfaatan Fasilitas Dinas		Petunjuk Pelaksanaan Nomor : Juklak/19/IV/2002 tentang Pemanfaatan Fasilitas Dinas di Lingkungan TNI AL	Mabes TNI AL	30	2002	Juklak_tentang_Pemanfaatan_Fasilitas_Dinas_di_Lingkungan_TNI_AL.pdf	PL-2002-01	Juklak_tentang_Pemanfaatan_Fasilitas_Dinas_di_TNI_AL_cover_001.jpg
51	1970-01-01	10	Penyediaan Data Hidro-Oseanografi Taktis		Buku Petunjuk Teknik Nomor : Juknik/4115/X/89/Hidros Tentang Penyediaan Data Hidro-Oseanografi Taktis	Dinas Hidro-Osenaografi TNI AL	20	1989	Penyediaan_Data_Hidro-Oseanografi_Taktis.pdf	BP-1989-01	Penyediaan_Data_Hidro-Oseanografi_Taktis_Cover_001.jpg
35	2009-07-28	10	Juknik Pelayanan Pembuatan Peta Laut		Petunjuk Teknik Nomor : Juknik/4661/VI/2009 tentang Pelayanan Pembuatan Peta Laut di Dishidros dengan Pihak ke III	Dinas Hidro-Oseanografi Mabesal	16	2009	Juknik_tentang_Pelayanan_Pembuatan_Peta_laut_di_Dishidros_dengan_Pihak_ke_III.pdf	BT-2009-01	Juknik_tentang_Pelayanan_Pembuatan_Peta_laut_cover_001.jpg
52	1970-01-01	10	Teknik Penyelenggaraan Kegiatan Publikasi dan Penyiaran Berita-Berita Nautika		Petunjuk Teknik Penyelenggaraan Kegiatan Publikasi dan Penyiaran Berita-Berita Nautika	Dinas Hidro-Osenaografi TNI AL	16	1998	Penyelenggaraan_Kegiatan_Publikasi_dan_Penyiaran_Berita-Berita_Nautika.pdf	BP-1998-01	Penyelenggaraan_Kegiatan_Publikasi_dan_Penyiaran_Berita_Nautika_Cover_001.jpg
54	2012-06-28	15	Pelaksanaan Penyelenggaraan Operasi Survei dan Pemetaan Hidrografi dan Oseanografi 		Buku Petunjuk Pelaksanaan Penyelenggaraan Operasi Survei dan Pemetaan Hidrografi dan Oseanografi TNI Angkatan Laut, Publikasi Umum TNI AL (PUM-5.127), Pengesahan : Keputusan KASAL Nomor KEP/950/VI/2012  tanggal 28 Juni 2012	Mabesal TNI	26	2012	Penyelenggaraan_Operasi_Survei_dan_Pemetaan_Hidros_TNI_AL.pdf	PL-2012-01	Penyelenggaraan_Operasi_Survei_dan_Pemetaan_Hidros_TNI_AL_Cover_001.jpg
55	2000-09-19	17	Peraturan Pemerintah tentang Kenavigasian 		Peraturan Pemerintah Republik Indonesia Nomor 81 Tahun 2000 tentang Kenavigasian 	Presiden RI	52	2000	Peraturan_Pemerintah_Republik_Indonesia_.pdf	PP-2000-01	Peraturan_Pemerintah_Republik_Indonesia__Cover_001.jpg
11	2014-01-12	11	Pedoman Pengoperasian Wave Recorder	Buku Pedoman Pengoperasian Wave Recorder ini dipakai sebagai panduan bagi para pelaksana survei di lapangan.  Dengan buku pedoman ini diharapkan terjadi kesamaan dalam pengetahuan dan kemampuan dalam merencanakan penempatan stasiun gelombang di lapangan dan mampu mengoperasikan alat wave recorder dengan benar sehingga alat dapat mengakuisisi data gelombang laut dengan baik.	Buku Pedoman Pengoperasian Wave Recorder SBE 26 Dan SBE 26 Plus	Pushidrosal	52	2014	BUKU_PANDUAN_PENGOPERASIAN_WAVE_RECORDER_SBE_26_DAN_SBE_26_PLUS.pdf	BP-2014-01	1__Cover_sbe_001.jpg
61	1987-06-25	15	Prosedur Penyelenggaraan Survei dan Pemetaan Hidro-Oseanografi		Petunjuk Pelaksanaan Nomor Juklak/24/VI/1987 tentang Prosedur Penyelenggaraan Survei dan Pemetaan Hidro-Oseanografi	Mabes TNI AL	9	1987	Prosedur_Penyelenggaraan_Survei_dan_Pemetaan_Hidros.pdf	PL-1987-01	Prosedur_Penyelenggaraan_Survei_dan_Pemetaan_Hidros_Cover_001.jpg
62	1970-01-01	10	Petunjuk Teknik tentang Survei Atau Penelitian Atau Pulta Lapangan Geografi Maritim		Petunjuk Teknik tentang Survei Atau Penelitian Atau Pulta Lapangan Geografi Maritim	Dinas Hidro-Osenaografi TNI AL	24	2006	Pulta_Lapangan_Geografi_Maritim.pdf	BT-2006-01	Pulta_Lapangan_Geografi_Maritim_Cover_001.jpg
14	2015-01-10	11	Panduan Pengambilan Data Pasang Surut	Buku Panduan Pengambilan Data Pasang Surut untuk Mendukung Survei Hidro-Oseanografi ini merupakan turunan dari Buku Petunjuk Pelaksanaan Penyelenggaraan Operasi Survei Pemetaan Hidro-Oseanografi TNI AngkatanLaut (Keputusan Kasal Nomor Kep/950/VI/2012 tanggal 28 Juni 2012). Pada stratifikasi doktrin merupakan buku petunjuk lapangan (bujuklap), sebagai petunjuk tim survei dan pemetaan di lapangan baik untuk kepentingan surta oseanografi secara mandiri maupun operasi surta terpadu secara lengkap dalam opsurta hidro-oseanografi. Buku panduan ini dapat dioperasionalkan sebagai petunjuk untuk mendapatkan jaminan kualitas hasil pengambilan  data lapangan. Semoga dengan terbitnya bujuklap ini dapat dimanfaatkan dengan baik oleh tim surta Dishidros yang menjadi garda depan dalam jaminan kualitas produk yang dihasilkan Dishidros.	Buku Panduan Pengambilan Data Pasang Surut Untuk Mendukung Survei Hidro-Oseanografi	Dishidrosal	36	2015	BUKU_PEDOMAN_TENTANG_TATA_CARA_PENCEGAHAN_DAN_P1.pdf	BP-2015-03	COVER_0012.jpg
66	1991-12-04	10	Petunjuk Teknis Survei Kemagnetan Bumi di Laut		Petunjuk Teknik Nomor Juknik/2725/XII/91/Hid tentang Survei Kemagnetan Bumi di Laut	Dinas Hidro-Osenaografi TNI AL	30	1991	Survei_Kemagnetan_Bumi_di_Laut.pdf	BT-1991-01	Survei_Kemagnetan_Bumi_di_Laut_Cover_001.jpg
39	2009-11-03	16	Peraturan Panglima tentang Naskah Stratifikasi Doktrin		Peraturan Panglima TNI Nomor : Perpang/12/III/2009 tentang Naskah Stratifikasi Doktrin Di Lingkungan TNI	Mabes TNI	27	2009	Naskah_Strafikasi_Doktrin_Di_Lingkungan_TNI.pdf	N-2009-01	2001879-128.png
45	2003-05-08	10	Petunjuk Pembinaan Bidang Hukum Laut dan Hukum Humaniter		Buku Petunjuk Pembinaan Bidang Hukum Laut Dan Hukum Humaniter Di Lingkungan TNI AL, Publikasi Umum TNI AL (Pum - 1.12.001), Pengesahan : Surat Keputusan KASAL Nomor : Skep/1306/VIII/2013, Tanggal 5 Agustus 2003	Mabesal TNI	19	2003	Pembinaan_Bidang_Hukum_Laut_Dan_Hukum_Humaniter.pdf	BT-2003-01	2001879-1281.png
56	1997-05-05	15	Tata Cara Pembuatan Perjanjian Kerja Sama Atau Kontrak Antara TNI Angkatan Laut Dengan Pihak Di Luar TNI AL		Petunjuk Pelaksanaan Nomor : Juklak/13/V/1997 tentang Tata Cara Pembuatan Perjanjian Kerja Sama Atau Kontrak Antara TNI Angkatan Laut Dengan Pihak Di Luar TNI AL	Mabes TNI AL	57	1997	Perjanjian_Kerja_Sama_Atau_Kontrak_Antara_TNI_AL_Dengan_Pihak_Luar_TNI_AL.pdf	PL-1997-02	2001867-512.png
12	2014-10-01	11	Panduan Perwira Pelaut Hidros	Saat ini, TNI AL telah mengelompokkan keahlian (korps) perwira ke dalam beberapa korps, salah satu diantaranya adalah Korps Pelaut. Korps Pelaut memiliki peranan yang sangat pent- ing dalam organisasi angkatan Laut, tentunya tidak terlepas dari dukungan dan batuan korps lain yang mutlak diperlukan baik pada organisasi di kapal (KRI), Pendirian di Darat (Pendirat), Lembaga Pendidikan dan Staf. Pada organisasi di KRI atau KAL, seorang perwira korps pelaut diberikan kewenagan dan tanggung jawab untuk memimpin kapal secara keseluruhan sebagai komandan, kepala departemen dan kepala divisi.\r\n\r\nDalam menyikapi hal tersebut di atas, perlu adanya penyiapan perwira korps pelaut baik di bidang kesamaptaan jasmani, kesehatan, kepribadian, mental dan kemampuan profesi korps pelaut itu sendiri secara bertahap, berjenjang dan berkelanjutan. Kemampuan di bidang profesi korps pelaut dapat dibina, dilatih dan ditingkatkan melalui pendidikan, latihan dan kursus-kursus secara internal dan eksternal sehingga kemampuannya dapat diandalkan, dapat menyelesaikan tugas dan tanggunggung jawabnya sesuai dengan pangkat dan jabatan secara maksimal.\r\n\r\nAdapun bidang-bidang yang termasuk ke dalam profesi korps pelaut adalah bidang navi- gasi, bidang komunikasi, senjata dan bahari, meteorologi, peperangan, bidang keamanan laut dan lain sebagainya.  Bidang profesi tersebut harus dipahami dan dilatih secara individu dan kelompok, terlebih kepada mereka yang berdinas di KRI atau KAL. Seperti halnya perwira-per- wira korps pelaut yang berdinas di Dishidros TNI AL, kemampuan profesi Korps Pelaut mutlak diperlukan untuk mencapai suatu tujuan secara maksimal.\r\n	Buku Panduan Perwira Pelaut Hidros Dinas Oseanografi TNI AL	Dishidrosal	268	2014	BUKU_PANDUAN_PERWIRA_PELAUT_DISHIDROS_TNI_AL.pdf	BP-2014-02	Cover_001.jpg
43	1970-01-01	10	Juknis Penulisan Laporan Technical Officer (TO)		Buku Petunjuk Teknis Tentang Kegiatan Pelaksanaan Dan Penulisan Laporan Technical Officer (TO) Survei Dan Pemetaan Hidro - Oseanografi 	Dinas Hidro-Oseanografi Mabesal	30	2013	Pelaksanaan_Dan_Penulisan_Laporan_(TO).pdf	BT-2013-01	Pelaksanaan_Dan_Penulisan_Laporan_(TO)_Cover_001.jpg
9	2018-01-05	11	Pengoperasian Wave Recorder	Dinas Hidro-Oseanografi TNI AL (Dishidros TNI AL) adalah badan pelaksana pusat tingkat Mabesal yang mempunyai tugas menyelenggarakan pembinaan fungsi hidro-oseanografi yang meliputi survei, penelitian, pemetaan laut, publiksasi, penerapan lingkungan laut dan keselamatan navigasi pelayaran baik untuk kepentingan TNI maupun untuk umum. Dalam menjalankan tugasnya tersebut, Dishidros melaksanakan kegiatan survei untuk pengumpulan data hidrografi, oseanografi, geografi maritim dan meteorologi maritim.  Data-data ini selanjutnya diolah dan disajikan dalam bentuk peta laut,  peta militer, dan peta tematik serta buku-buku nautika yang digunakan untuk kepentingan militer dan kepentingan umum.	Buku Pedoman  Pengoperasian Wave Recorder SBE 26 Dan SBE 26 Plus	Pushidrosal	48	2014	4._BUDOOPS_SBE.pdf	BP-2014-06	Capture6.JPG
33	1998-10-01	14	Juklap Operasi Penanggulangan Huru Hara		Petunjuk Lapangan Nomor : Juklap/1253/X/1998/Hid tentang Operasi Penanggulangan Huru-Hara di Dishidros	Dinas Hidro-Oseanografi Mabes TNI AL	14	1998	Juklap_tentang_Operasi_Penanggulangan_Huru-Hara_di_Dishidros.pdf	JL-1998-01	Juklap_tentang_Operasi_Penanggulangan_Huru-Hara_di_Dishidros_cover_001.jpg
36	2000-05-25	10	Juknik Pemanfaatan Fasilitas Dinas		Petunjuk Teknik Nomor : Juknik/1324/V/2000/Hid tentang Pemanfaatan Fasilitas Dinas Pelayanan Jasa Penjualan Peta Laut dan Buku Nautis di Lingkungan Dishidros	Dinas Hidro-Oseanografi Mabes TNI AL	22	2000	Juknik_tentang_Pemanfaatan_Fasilitas_Dinas_Pelayanan_Jasa_Penjualan_Peta_Laut_dan_Buku_Nautis_di_Lingkungan_Dishidros.pdf	BT-2000-01	Juknik_tentang_Pemanfaatan_Fasilitas_Dinas_Pelayanan_Jasa_Penjualan_Peta_Laut_dan_Buku_Nautis_cover_001.jpg
40	2007-03-30	16	Petunjuk Operasi Pendaratan Administrasi dalam Operasi Gabungan TNI		Naskah Sementara Buku Petunjuk Operasi Penyelenggaraan Operasi Pendaratan Administrasi dalam Operasi Gabungan TNI, Publikasi Umum TNI AL (PUM-1.01.143 NS), Pengesahan Surat Keputusan KASAL Nomor SKEP/450/III/2007, Tanggal 30 Maret 2007	Mabesal TNI	46	2007	Operasi_Penyelenggaraan_Operasi_Pendaratan_Administrasi_dalam_Operasi_Gabungan_TNI.pdf	N-2007-01	Operasi_Penyelenggaraan_Operasi_Pendaratan_Administrasi_dalam_Operasi_Gab__TNI_Cover.jpg
46	2001-02-13	11	Penataan Gelar dan Klasifikasi Pangkalan TNI AL		Keputusan KASAL Nomor : Kep/06/II/2001 tentang Penataan Gelar dan Klasifikasi Pangkalan- Pangkalan TNI Angkatan Laut	Mabesal TNI	11	2001	Penataan_Gelar_dan_Klasifikasi_Pangkalan-Pangkalan_TNI_Angkatan_Laut.pdf	BP-2001-01	Penataan_Gelar_dan_Klasifikasi_Pangkalan-Pangkalan_TNI_Angkatan_Laut_cover_001.jpg
49	2002-02-28	15	Juklak Pemberian dan Penggunaan Senjata Api Genggam		Petunjuk Pelaksanaan Nomor : Juklak/13/II/2002 tentang Tata Cara Pemberian Dan Penggunaan Senjata Api Genggam Bagi Prajurit Di Lingkungan TNI AL	Mabesal TNI	23	2002	Penggunaan_Senjata_Api_Genggam_Bagi_Prajurit.pdf	PL-2002-02	Penggunaan_Senjata_Api_Genggam_Bagi_Prajurit_Cover_001.jpg
53	1970-01-01	10	Petunjuk Tehnik Penyelenggaraan Kegiatan Simeteoggesiastro di Staff		Buku Petunjuk Tehnik Penyelenggaraan Kegiatan Simeteoggesiastro di Staff	Dinas Hidro-Osenaografi TNI AL	15	1994	Penyelenggaraan_Kegiatan_Simeteoggesiastro_di_Staff.pdf	BP-1994-02	Penyelenggaraan_Kegiatan_Simeteoggesiastro_di_Staff_Cover_001.jpg
16	2015-01-11	11	Pembuatan dan Perbaikan Peta Laut	Buku prosedur pembuatan dan perbaikan peta laut merupakan petunjuk prosedur  yang harus dilaksanakan dalam pembuatan dan perbaikan peta laut  dalam rangka menjaga kualitas dan ketelitian peta laut.  \r\n \r\nDalam pembuatan dan perbaikan peta laut diperlukan buku prosedur sebagai acuan bekerja dalam pembuatan dan perbaikan peta laut, sehingga penyusunan buku ini dirasa sangat diperlukan untuk memberikan petunjuk dan pemahaman bagi personel dalam bekerja sehingga tujuan tersebut dapat tercapai.\r\n	Buku Prosedur Pembuatan dan Perbaikan Peta Laut Dishidros Sesuai Standar Nasional	Dishidrosal	48	2015	BUKU_PROSEDUR_PEMBUATAN_DAN_PERBAIKAN_PETA_LAUT_DISHIDROS_SESUA.pdf	BP-2015-02	COVER_0014.jpg
15	2015-01-12	11	Panduan Pengecekan SBNP	Buku PanduanTata Cara Pengecekan Sarana Bantu Navigasi Pelayaran (SBNP) Untuk Mendukung Survei dan Pemetaan Hidro-Oseanografi ini merupakan turunan dari Buku Petunjuk Pelaksanaan Penyelenggaraan Operasi Survei Pemetaan Hidro-Oseanografi TNI Angkatan Laut (Keputusan Kasal Nomor Kep/950/VI/2012 tanggal 28 Juni 2012). Kedudukan Buku Panduan ini bersifat teknis yang merupakan penjabaran dalam melaksanakan salah satu kegiatan dari suatu penyelenggaraan Operasi Surta Hidros.Sebagai panduan tim survey dan pemetaan di lapangan baik untuk kepentingan verifikasi/ pengecekan SBNP secara mandiri maupun operasi surta terpadu secara lengkap dalam opsurta hidro-oseanografi. Buku Panduan ini dapat di operasionalkan sebagai panduan untuk mendapatkan jaminan kualitas hasil pengambilan data lapangan.Semoga dengan terbitnya Buku Panduan ini dapat dimanfaatkan dengan baik oleh tim surta Dishidros yang menjadi garda depan dalam jaminan kualitas produk yang dihasilkan Dishidros.	Buku Panduan Tata Cara Pengecekan Sarana Bantu Navigasi Pelayaran (SBNP) Dalam Surta Hidros	Dishidrosal	30	2015	BUKU_PEDOMAN_TENTANG_TATA_CARA_PENCEGAHAN_DAN_P2.pdf	BP-2015-01	COVER_0013.jpg
13	2014-11-01	11	Pedoman Pencegahan dan Penanggulangan Bahaya Kebakaran	Buku Pedoman Pengoperasian Automatic Weather Station (AWS) untuk Keperluan Survei Hidro-oseanografi, dibuat dalam rangka melengkapi personel Dishidros pada pelaksanaan pengumpulan data meteorologi maritim di lapangan, khususnya  dalam pengoperasian peralatan AWS. Buku ini berisi pengetahuhan tentang peralatan AWS secara umum, dan tentang cara pengoperasian MAWS 201 Vaisala Weather Station, AWS R.M Young 26800, AWS Aandera dan AWS Davis Vantage Pro 2, yaitu jenis-jenis peralatan AWS yang dimiliki Dishidros. \r\nPenyusunan buku ini bersumber dari buku panduan pengoperasian AWS yang diterbitkan oleh produsen untuk tiap-tiap jenis AWS, pengalaman personel di lapangan dalam pengoperasian AWS, dan informasi lain tentang AWS yang didapat dari berbagai sumber, yang salah satunya diambil dari internet. Dengan disusunnya buku pedoman ini, diharapkan operator di lapangan tidak membuat kesalahan dalam pengoperasian AWS, dengan demikian akan menghasilkan data meteorologi yang benar dan akurat.\r\n	Buku Pedoman Tentang Tata Cara  Pencegahan dan Penanggulangan Bahaya Kebakaran di Lingkungan Dishidros	Dishidrosal	124	2014	BUKU_PEDOMAN_TENTANG_TATA_CARA_PENCEGAHAN_DAN_P.pdf	BP-2014-03	COVER_0011.jpg
17	2016-06-01	11	Panduan Latihan Survei dan Pemetaan	Kegiatan Latihan Survei dan Pemetaan Dishidros diselenggarakan untuk mencapai, memelihara dan meningkatkan ketrampilan serta kemampuan perorangan maupun kelompok, guna mencapai profesionalisme personel yang didukung oleh peralatan surta terutama perangkat lunak serta buku panduan sehingga tercapai tingkat kesiapan operasional yang disyaratkan. \r\n Obyek penyiapan Latihan Survei dan Pemetaan Dishidros, meliputi penyiapan personel, organisasi, peranti lunak, daerah latihan, kesiapan alutsista, dukungan administrasi dan logistik, serta keselamatan latihan. Mekanisme penyiapan latihan tersebut harus diatur sedemikian rupa agar latihan dapat berjalan secara tertib, efektif, efesien dan akuntabel serta mencapai sasaran latihan yang diinginkan. Penyelenggaraan Latihan Survei dan Pemetaan Dishidros, dalam proses perencanaannya mengacu pada Perpang TNI tentang Kampanye Militer dan Keputusan Kasal tentang Proses Pengambilan Keputusan Militer 14 langkah yang sudah dilaksanakan pada Latihan Survei dan Pemetaan Dishidros.\r\n	Buku Panduan Latihan Survei dan Pemetaan Dishidros TA. 2016	Dishidrosal	72	2016	BUKU_PANDUAN_LATIHAN_SURVEY_DAN_PEMETAAN_DISHIDROS_TA.2016.pdf	BP-2016-01	
34	1998-10-01	14	Juklap Penggunaan Senjata Api		Petunjuk Lapangan Nomor : Juklap/1254/X/1998/HID tentang Penggunaan Senjata Api dalam Satuan Penanggulangan Huru-Hara	Dinas Hidro-Oseanografi Mabes TNI AL	9	1998	Juklap_tentang_Penggunaan_Senjata_Api_dalam_Satuan_Penanggulangan_Huru-Hara.pdf	JL-1998-02	Juklap_tentang_Penggunaan_Senjata_Api_dalam_Satuan_Huru-Hara_cover_001.jpg
38	1970-01-01	16	Naskah Sementara Bujuklap Survei		Naskah Sementara Buku Petunjuk Lapangan Survei Hidro-Oseanografi Dalam Operasi Laut Publikasi Umum TNI AL (Kuat - 130)	Mabes TNI AL	59	0	Naskah_Sementara_Buku_Petunjuk_Lapangan_Survei_Hidro-Oseanografi.pdf	N-01	Naskah_Sementara_Buku_Petunjuk_Lapangan_Survei_Hidro-Oseanografi_cover_001.jpg
41	1997-07-31	19	Organisasi dan Prosedur Dishidro		Organisasi Dan Prosedur Dinas Hidro-Oseanografi TNI AL (Dishidros), Keputusan Kepala Staf TNI AL, Nomor : Kep/20/VII/1997 Tanggal 31 Juli 1997	Mabes TNI AL	57	1997	Organisasi_Dan_Prosedur_Dinas_Hidro-Oseanografi_TNI_AL_.pdf	OP-1997-01	Organisasi_Dan_Prosedur_Dinas_Hidro-Oseanografi_TNI_AL_Cover_001.jpg
44	1970-01-01	10	Bujuknis Pelapora Survei dan Pemetaa		Buku Petunjuk Teknik Pelaksanaan dan Penulisan Laporan Survei dan Pemetaan Hidro-Oseanografi untuk Evaluasi (Wash-Up) 	Dinas Hidro-Osenaografi TNI AL	48	2002	Pelaksanaan_dan_Penulisan_Laporan_Survei_dan_Pemetaan_Hidros.pdf	BT-2002-01	Pelaksanaan_dan_Penulisan_Laporan_Survei_dan_Pemetaan_Hidros_cover_001.jpg
47	1970-01-01	10	Petunjuk Teknik Penelitian atau Survei Meteorologi		Buku Petunjuk Tehnik Penelitian Atau Survei Meteorologi	Dinas Hidro-Osenaografi TNI AL	23	1994	Penelitian_Atau_Survei_Meteorologi.pdf	BP-1994-01	Penelitian_Atau_Survei_Meteorologi_Cover_001.jpg
50	2010-08-06	10	Penggunaan Tempur Kapal Korvet Sigma Kelas KRI Diponegoro		Buku Petunjuk Taktis Penggunaan Tempur Kapal Korvet Sigma Kelas KRI Diponegoro, Publikasi Umum TNI AL (Pum-5.100.100), Peraturan KASAL Nomor Perkasal/52/VIII/2010 Tanggal 6 Agustus 2010	Mabesal TNI	61	2010	Penggunaan_Tempur_Kapal_Korvet_Sigma_Kelas_KRI_DiPonegoro.pdf	BP-2010-01	Penggunaan_Tempur_Kapal_Korvet_Sigma_Kelas_KRI_DiPonegoro_cover_001.jpg
18	2016-09-01	11	Panduan Pengambilan Data CTD	Perairan Indonesia dikenal dengan wilayah yang mempunyai karakteristik sangat komplek. Hal ini dilatarbelakangi dengan konfigurasi geografis Indonesia dengan pulau-pulau besar dan kecil yang tersebar, hampir semua  bentuk topografi dasar laut di dunia terwakili ada di Indonesia, karakter meteorologi yang unik karena  pengaruh posisi silang antara dua benua dan dua samudera, serta merupakan satu-satunya wilayah di lintang rendah (dekat ekuator) yang dilewati sabuk besar arus termohalin global yang dikenal dengan Arus Lintas Indonesia (Arlindo). Kondisi tersebut sangat berpengaruh terhadap sifat dan karakter massa air yang ada di Indonesia.\r\n\tDalam konsepsi pertahanan, peperangan laut masa kini tidak selalu kapal atas air akan berhadapan dengan musuh sejenis serta pesawat udara. Media lain yang harus diperhitungkan adalah ancaman dari bawah permukaan air. Satu diantaranya adalah kekuatan kapal selam, mesin perang yang paling ditakuti oleh kapal atas air termodern sekalipun, karena sifat kerahasiaan dan pendadakan yang sangat mematikan lawan. Aplikasi militer seperti sistem navigasi dan persenjataan kapal selam  sebagian besar menggantungkan pada teknologi akustik yang sangat peka terhadap kondisi sifat-sifat fisik medium air seperti halnya temperatur, salinitas dan tekanan. \r\n\tKonsep peperangan laut yang ideal adalah harus mampu mengekploitasi medan air guna memberikan keunggulan agar dapat dimanfaatkan untuk mengalahkan kekuatan lawan. Konsep peperangan bawah air umumnya lebih rumit dibanding peperangan atas air, karena bukan saja kita harus memperoleh  keunggulan teknologi dari lawan, namun juga pengetahuan dan kecukupan informasi tentang medan tempur/operasi seperti kelengkapan data hidro-oseanografi.\r\n\tPerairan Indonesia dengan karakteristik perairan yang unik, harus dapat memberikan kepada kita keunggulan medan tempur yang tidak dipunyai oleh lawan. Sebab keputusan dalam suatu keberhasilan dalam operasi peperangan bawah air bukan lagi hanya pada sektor kekuatan kapal selam semata, namun juga perlunya  keunggulan  data dan informasi hidro-oseanografi yang lengkap dan akurat yang kita kuasai dengan ketelitian tinggi yang diperlukan memenuhi  kebutuhan untuk bernavigasi, manuvra dan kedudukan perlindungan serta deteksi lawan.\r\n	Buku Panduan Pengambilan Data CTD (Conductivity, Temperature, Depth)	Dishidrosal	67	2016	BUKU_PANDUAN_PENGAMBILAN_DATA_CTD.pdf	BP-2016-02	COVER_BUKU_CTD_001.jpg
63	1990-03-24	15	Petunjuk Pelaksanaan Tata Cara Penyusunan Dan Penyampaian Laporan Bidang Sistem Informasi Lingkungan Operasi (Silops)		Buku Petunjuk Pelaksanaan Tata Cara Penyusunan Dan Penyampaian Laporan Bidang Sistem Informasi Lingkungan Operasi (Silops) Di Lingkungan TNI Angkatan Laut, Publikasi Umum TNI AL (Kuat - 033.001), Pengesahan : Surat Keputusan Kasal Nomor : Skep/1068/III/1990 tanggal 24 Maret 1990	Mabes TNI AL	78	1990	Sistem_Informasi_Lingkungan_Operasi_(Silops).pdf	PL-1990-01	Sistem_Informasi_Lingkungan_Operasi_(Silops)_Cover_001.jpg
64	1987-03-30	11	Pembinaan Penyelengaraan Stratifikasi Naskah Publikasi Umum TNI Angkatan Laut		Pola Pembinaan Penyelengaraan Stratifikasi Naskah Publikasi Umum TNI Angkatan Laut, Publikasi Umum TNI AL (Pum-1.11), Pengesahan : Surat Keputusan KASAL Nomor : Skep/1030/III/1987 tanggal 30 Maret 1987	Mabes TNI AL	65	1987	Stratifikasi_Naskah_Publikasi_Umum_TNI_AL.pdf	BP-1987-01	Stratifikasi_Naskah_Publikasi_Umum_TNI_AL_Cover_001.jpg
65	2006-12-01	11	Survei Hidrografi Perencanaan Survei Hidrografi		Survei Hidrografi Perencanaan Survei Hidrografi	Jawatan Hidro-Oseanografi Mabesal	112	2006	Survei_Hidrografi_Perencanaan_Survei_Hidrografi.pdf	BP-2006-01	Survei_Hidrografi_Perencanaan_Survei_Hidrografi_cover_001.jpg
19	2016-09-01	11	Panduan Perwira Pelaut Pushidrosal	Perwira sebagai sosok pemimpin, manajer/kepala, mempunyai peranan yang sangat penting dalam pelaksanaan tugas, visi dan misi tersebut. Oleh karenanya TNI Angkatan Laut perlu menyiapkan kemampuan personel perwiranya dalam berbagai kebutuhan, situasi dan keahlian di berbagai bidang seiring dengan kemajuan jaman.\r\n\r\n\tSaat ini, TNI AL  telah mengelompokkan keahlian (korps) perwira ke dalam beberapa korps, salah satu diantaranya adalah Korps Pelaut. Korps Pelaut memiliki peranan yang sangat penting dalam organisasi TNI AL, tentunya tidak terlepas dari dukungan dan batuan korps lain yang mutlak diperlukan baik pada organisasi di kapal (KRI), Pendirian di Darat (Pendirat), Lembaga Pendidikan dan Staf. Pada organisasi di KRI atau KAL, seorang perwira korps pelaut diberikan kewenangan dan tanggung jawab untuk memimpin kapal secara keseluruhan sebagai komandan, kepala departemen dan kepala divisi. \r\n\r\n\tDalam menyikapi hal tersebut di atas, perlu adanya penyiapan perwira korps pelaut baik di bidang kesamaptaan jasmani, kesehatan, kepribadian, mental dan kemampuan profesi korps pelaut itu sendiri secara bertahap, berjenjang dan berkelanjutan. Kemampuan di bidang profesi korps pelaut dapat dibina, dilatih dan ditingkatkan melalui pendidikan, latihan dan kursus-kursus secara internal dan eksternal sehingga kemampuannya dapat diandalkan, dapat menyelesaikan tugas dan tanggunggung jawabnya sesuai dengan pangkat dan jabatan secara maksimal.\r\n	Naskah Panduan Perwira Pelaut Pushidrosal	Pushidrosal	359	2016	NASKAH_PANDUAN_PERWIRA_PELAUT_PUSHIDROSAL.pdf	BP-2016-03	0_COVER_BUKU_PANDUAN_PERWIRA_PELAUT_001.jpg
20	2004-10-22	15	Petunjuk Penyusunan Laporan SILOPS		Buku Petunujuk Pelaksanaan Tata Cara Penyusunan Dan Penyampaian Laporan Bidang Sistem Informasi Lingkungan Operasi (SILOPS) Di Lingkungan TNI AL: Publikasi Umum TNI AL (Kuat - 033.001), Pengesahan : Surat Keputusan Kasal Nomor Skep/2734/X/2004 Tanggal 22 Oktober 2004	Mabesal TNI	69	2004	Bidang_Sistem_Informasi_Lingkungan_Operasi_(SILOPS).pdf	PL-2004-01	Bidang_Sistem_Informasi_Lingkungan_Operasi_(SILOPS)-Cover_001.jpg
21	1984-01-02	11	Pedoman Membaca Peta		Buku Pedoman Membaca Peta	Pusat Survey dan Pemetaan ABRI	39	1984	Buku_Pedoman_Membaca_Peta.pdf	BP-1984-01	Buku_Pedoman_Membaca_Peta_Cover_001.jpg
22	2010-08-09	15	Juklak Latihan Pratugas		Buku Petunjuk Pelaksanaan Latihan Pratugas, Publikasi Umum TNI AL (PUM-5.115), Peraturan KASAL Nomor Perkasal/53/VIII/2010 tanggal 9 Agustus 2010	Mabesal TNI	22	2010	Juklak_Latihan_Pratugas_Publikasi.pdf	PL-2010-01	Juklak_Latihan_Pratugas_Publikasi_Cover_001.jpg
23	2007-10-01	16	Petunjukan Pelibatan Pomal dalam Operasi Amfibi		Naskah Sementara Peraturan Kasal tentang Buku Petunjuk Lapangan Pelibatan Pomal dalam Operasi Amfibi	Mabesal TNI	21	2007	Buku_Petunjuk_Lapangan_Pelibatan_Pomal_dalam_Operasi_Amfibi.pdf	N-2007-01	Buku_Petunjuk_Lapangan_Pelibatan_Pomal_dalam_Operasi_Amfibi_Cover_001.jpg
24	1998-01-01	10	Petunjuk Tempur Survei Hidrografi		Buku Petunjuk Tempur Penyelenggaraan Survei Hidrografi, Publikasi Umum TNI AL (PUM-1.01.135.01)	Mabes TNI AL	72	1998	Buku_Petunjuk_Tempur_Penyelenggaraan_Survei_Hidrografi_.pdf	BT-1998-01	Buku_Petunjuk_Tempur_Penyelenggaraan_Survei_Hidrografi_Cover_001.jpg
25	2002-01-01	17	Daftar Koordinat Geografis		Penjelasan atas Peraturan Pemerintah Republik Indonesia Nomor 38 Tahun 2002 tentang Daftar Koordinat Geografis Titik-Titik Garis Pangkal Kepulauan Indonesia	Presiden RI	13	2002	Daftar_Koordinat_Geografis_Titik-Titik_Garis_Pangkal_Kepulauan_Indonesia.pdf	PP-2002-01	Daftar_Koordinat_Geografis_Titik-Titik_Garis_Pangkal_Kep__Cover_001.jpg
26	2013-04-05	11	Operasi Ratmin		Doktrin TNI Tentang Operasi Pendaratan Administrasi (Operasi Ratmin), Disahkan Dengan Keputusan Panglima TNI Nomor Kep/263/IV/2013 tanggal 5 April 2013	Mabes TNI	56	2013	Doktrin_TNI_Tentang_Operasi_Pendaratan_Administrasi.pdf	BP-2013-01	Doktrin_TNI_Tentang_Operasi_Pendaratan_Administrasi_Cover_001.jpg
27	2008-07-28	11	Petunjuk Operasi TNI		Format Buku Petunjuk Operasi TNI dan Buku Petunjuk Pelaksanaan TNI, Peraturan Pangliman TNI Nomor PERPANG/47/VII/2008 Tanggal 28 Juli 2008	Mabes TNI	30	2008	Format_Buku_Petunjuk_Operasi_TNI_dan_Buku_Petunjuk_Pelaksanaan_TNI.pdf	BP-2008-01	Format_Buku_Petunjuk_Operasi_TNI_dan_Buku_Petunjuk_Pelaksanaan_TNI_Cover_001.jpg
28	2011-12-01	10	Jukni Indeks Biaya Operasi Survei		Petunjuk Teknis Nomor : JUKNIS/5779/XII/2011 tentang Indeks Biaya Operasi Survei dan Pemetaan Hidro-Oseanografi Program TNI AL dan KEMHAM RI	Dishidrosal	12	2011	Indeks_Biaya_Operasi_Survei_dan_Pemetaan_Hidros_Program_TNI_AL_dan_KEMHAM_RI.pdf	BT-2011-01	Indeks_Biaya_Operasi_Survei_dan_Pemetaan_Hidros_Program_TNI_cover_001.jpg
29	1970-01-01	15	Juklak Operasi Survei dan Pemetaan		Buku Petunjuk Pelaksanaan Operasi Survei dan Pemetaan Hidro-Oseanografi untuk Pembuatan Peta Tempur Gabungan	Dinas Hidro-Oseanografi Mabesal	25	0	Juklak_Operasi_Survei_dan_Pemetaan_Hidros_untuk_Pembuatan_Peta_Tempur_Gabungan.pdf	PL-01	Juklak_Operasi_Survei_dan_Pemetaan_Hidros_untuk_Pembuatan_Peta_Cover_001.jpg
30	2000-06-29	15	Juklak Pembuatan Piagam Kesepakatan		Petunjuk Pelaksanaan Nomor : Juklak/20/VI/2000 tentang Tata Cara Pembuatan Piagam Kesepakatan Bersama Dan Perjanjian Kerja Sama Antara TNI Angkatan Laut Dengan Badan Atau Instansi Di Luar TNI AL	Mabesal TNI	24	2000	Juklak_Pembuatan_Piagam_Kesepakatan_.pdf	PL-2000-01	Juklak_Pembuatan_Piagam_Kesepakatan_cover_001.jpg
31	1997-11-03	15	Juklak Standardisasi Kamar Sandi		Petunjuk Pelaksanaan Nomor : Juklak/24/XI/1997 Tentang Standardisasi Kamar Sandi TNI AL	Mabes TNI AL	15	1997	Juklak_Standardisasi_Kamar_TNI_AL.pdf	PL-1997-01	Juklak_Standardisasi_Kamar_TNI_AL_Cover_001.jpg
37	1996-01-02	18	Jukpur Survei Geofisika di Laut		Petunjuk Tempur Tentang Survei Geofisika Di Laut	Dinas Hidro-Oseanografi Mabes TNI AL	17	1996	Jukpur_Tentang_Survei_Geofisika_Di_Laut.pdf	JP-1996-01	Jukpur_Tentang_Survei_Geofisika_Di_Laut_cover_001.jpg
57	2007-02-20	20	Petunjuk Administrasi Umum Tentara Nasional Indonesia		Petunjuk Administrasi Umum Tentara Nasional Indonesia, Disahkan dengan Peraturan Panglima TNI Nomor PERPANG/1/II/2007 tanggal 20 Februari 2007 	Mabes TNI	197	2007	Petunjuk_Administrasi_Umum_Tentara_Nasional_Indonesia_.pdf	PA-2007-01	Petunjuk_Administrasi_Umum_Tentara_Nasional_Indonesia_Cover_001.jpg
58	1970-01-01	10	Petunjuk Tehnik Penyelenggaraan Kegiatan Oseanografi di Staf		Petunjuk Tehnik Penyelenggaraan Kegiatan Oseanografi di Staf	Dinas Hidro-Osenaografi TNI AL	10	1994	Petunjuk_Tehnik_Penyelenggaraan_Kegiatan_Oseanografi_di_Staf.pdf	BT-1994-01	Petunjuk_Tehnik_Penyelenggaraan_Kegiatan_Oseanografi_di_Staf_Cover_001.jpg
59	1970-01-01	10	Petunjuk Tehnik tentang Pengumpulan Data Oseanografi		Petunjuk Tehnik tentang Pengumpulan Data Oseanografi	Dinas Hidro-Osenaografi TNI AL	10	1994	Petunjuk_Tehnik_tentang_Pengumpulan_Data_Oseanografi.pdf	BT-1994-02	Petunjuk_Tehnik_tentang_Pengumpulan_Data_Oseanografi_Cover_001.jpg
60	2004-06-01	11	Petunjuk Perencanaan Program Kerja Dan Anggaran 		Petunjuk Perencanaan Program Kerja Dan Anggaran Kepala Staf Angkatan Laut Tahun Anggaran 2005, Nomor : Jukcan/01/VI/2004 tanggal 1 Juni 2004	Mabesal TNI	34	2004	Program_Kerja_Dan_Anggaran_Kepala_Staf_AL.pdf	BP-2004-02	Program_Kerja_Dan_Anggaran_Kepala_Staf_AL_Cover_001.jpg
67	2000-04-05	11	Tata Cara Pembuatan Surat Perintah/Surat Tugas dan Surat 		Surat Edaran Nomor SE/01/IV/2000 tentang Tata Cara Pembuatan Surat Perintah/Surat Tugas dan Surat 	Sekretariat Umum Mabes TNI AL	40	2000	Tata_Cara_Pembuatan_Surat_Perintah_atau_Surat_Tugas_dan_Surat_.pdf	BP-2000-01	Tata_Cara_Pembuatan_Surat_Perintah_atau_Surat_Tugas_dan_Surat_Cover_001.jpg
68	1987-02-07	10	Tata Cara Pengisian Daftar Penilaian Personil Militer TNI Angkatan Laut (Dapen Persmil TNI-AL)		Petunjuk Teknik Nomor Juknik/B/877/II/87/Min tentang Tata Cara Pengisian Daftar Penilaian Personil Militer TNI Angkatan Laut (Dapen Persmil TNI-AL)	Direktorat Administrasi Personil Mabes TNI AL	18	1987	Tata_Cara_Pengisian_Daftar_Penilaian_Personil_Militer_TNI_AL.pdf	BT-1987-01	Tata_Cara_Pengisian_Daftar_Penilaian_Personil_Militer_TNI_AL_Cover_001.jpg
69	1970-01-01	11	 Tata Cara Penyusunan dan Penyampaian Laporan Sidang Sistem Informasi Lingkungan TNI Angkatan Laut 		Salinan Perubahan Surat Keputusan Nomor Skep/1068a/III/1990 tentang Tata Cara Penyusunan dan Penyampaian Laporan Sidang Sistem Informasi Lingkungan TNI Angkatan Laut 	Mabesal TNI	28	1990	Tata_Cara_Penyusunan_dan_Penyampaian_Laporan_Sidang_Sistem_Informasi_Lingkungan_TNI_AL_.pdf	BP-1990-01	Tata_Cara_Penyusunan_dan_Penyampaian_Laporan_Sidang_Cover_001.jpg
8	2014-05-01	10	Penopang World Class Navy	Angkatan Laut sebagai organisasi secara operasional memiliki alutsista dan mempunyai personel yang mengawaki, untuk itu World Class Navy atau Angkatan Laut kelas dunia dapat dideskripsikan sebagai Angkatan Laut yang dapat disejajarkan kemampuan kompetensi personelnya dengan kemampuan Angkatan Laut negara maju atau modern. Visi Angkatan Laut kelas dunia sudah sewajarnya menjadi bagian visi dan misi dari TNI Angkatan Laut Indonesia, ditinjau dari aspek geografis dan peranannya dalam kancah komunitas masyarakat internasional. Angkatan Laut kelas dunia memiliki karakter-karakter unggul atau excellent, dan karakter-karakter tersebut harus selalu ditunjukkan atau ditampilkan secara konsisten dari waktu ke waktu. Karakter unggul tersebut antara lain unggul di bidang sumber daya manusia (excellent human resources), unggul secara organisasi (excellent organization), unggul secara operasional (excellent operational capability) dan unggul secara teknologi (excellent in technology). Dalam rangka mendukung terwujudnya paradigma TNI Angkatan Laut yang handal dan disegani serta berkelas dunia atau World Class Navy keempat pilar ini saling bersinergi untuk mewujudkan visi TNI Angkatan Laut dan menjadi tuntutan di masa depan dan diharapkan dapat menjadi pedoman untuk terbentuknya paradigma baru TNI Angkatan Laut  yang berkelas dunia. Paradigma tersebut diharapkan mampu menjabarkan tugas dan fungsi sesuai dengan kedinasan di TNI Angkatan Laut dan strata masing-masing.	Buku Petunjuk Teknis Dishidros Sebagai Penopang World Class Navy	Pushidrosal	47	2014	BUJUKNIS_DISIDROS_SEBAGAI_PENOPANG_WORD_CLASS_NAVY.pdf	BT-2014-01	Capture4.JPG
4	2015-05-01	10	Pembinaan Perwira Profesi	Dalam rangka menjaga konsistensi pengendalian dan penataan Perwira Profesi Hidrografi TNI Angkatan Laut, maka perlu dilaksanakan pembinaan yang meliputi perencanaan, penyiapan, dan penempatan, serta pengevaluasian terhadap kinerja Perwira Profesi Hidrografi TNI Angkatan Laut	Buku Petunjuk Teknis Pembinaan Perwira Profesi Hidrografi Tni Angkatan Laut	Pushidrosal	22	2015	BUJUKNIS_PEMBINAAN_PERWIRA_PROFESI_HIDROGRAFI_TNI_ANGKATAN_LAUT.pdf	BT-2015-01	Capture.JPG
3	2015-05-01	10	Buku Panduan Pengoperasian Multibeam Echosounder	Buku Panduan Pengoperasian Multibeam Echosounder Jenis Kongsberg EM-2040c untuk Mendukung Survei Hidro-Oseanografi, disusun untuk dijadikan panduan oleh seluruh pengawak  di Dishidros, dalam rangka pengoperasian peralatan Multibeam Echosounder Jenis Kongsberg EM-2040c dilapangan. Dengan tersusunnya buku ini diharapkan seluruh pengawak  Survei Dishidros yang sedang melaksanakan kegiatan Survei dan pemetaan mendapatkan kemudahan dan kelancaran dalam mengoperasikan peralatan Multibeam Echosounder Jenis Kongsberg EM-2040c, sehingga dapat berdaya guna dan berhasil guna.	Buku Panduan Pengoperasian Multibeam Echosounder Jenis Kongsberg Em-2040c Untuk Mendukung Survei Hidro-oseanografi	Pushidrosal	51	2015	BUKU_PANDUAN_PENGOPERASIAN_MULTIBEAM.pdf	BT-2015-02	Capture5.JPG
70	1970-01-01	7	judul"las	desc	nama"ads	pengarangad"as	judul"jkl	19999		70	
71	2018-05-10	5	asd"asd	asd"asd"	asd"asd	ASd"a	asd"	123		71	
7	2018-05-04	10	Penggunaan Sekoci Perum Kapal Bantu Hidrografi	Pushidrosal merupakan Lembaga Hidrografi Nasional yang mengemban tugas untuk menyelenggarakan pembinaan Hidrografi dan Oseanografi yang meliputi survei, penelitian, pemetaan laut, publikasi, penerapan lingkungan laut dan keselamatan navigasi pelayaran baik untuk kepentingan TNI maupun untuk kepentingan umum, di seluruh Perairan Indonesia.	Buku Petunjuk Teknis Penggunaan Sekoci Perum Kapal Bantu Hidrografi Dan Oseanografi (BHO) Kelas Kri Rigel - 933	Pushidrosal	30	2017	bukalapak.txt	BT-2017-02	bukalapak.JPG
\.


--
-- TOC entry 3024 (class 0 OID 0)
-- Dependencies: 222
-- Name: master_doktrin_id_doktrin_seq; Type: SEQUENCE SET; Schema: notadinas; Owner: postgres
--

SELECT pg_catalog.setval('master_doktrin_id_doktrin_seq', 71, true);


--
-- TOC entry 2894 (class 0 OID 85915)
-- Dependencies: 223
-- Data for Name: master_grup; Type: TABLE DATA; Schema: notadinas; Owner: postgres
--

COPY master_grup (id, nama_grup) FROM stdin;
1	Admin
2	User
\.


--
-- TOC entry 3025 (class 0 OID 0)
-- Dependencies: 224
-- Name: master_grup_id_seq; Type: SEQUENCE SET; Schema: notadinas; Owner: postgres
--

SELECT pg_catalog.setval('master_grup_id_seq', 1, false);


--
-- TOC entry 2896 (class 0 OID 85923)
-- Dependencies: 225
-- Data for Name: master_jabatan; Type: TABLE DATA; Schema: notadinas; Owner: postgres
--

COPY master_jabatan (id, nama_jabatan, satuan, tingkatan, grup, urutan, subdis, urut_jabatan) FROM stdin;
0	ADMIN	\N	\N	\N	\N	\N	0
1	KAPUSHIDROSAL	\N	\N	2	\N	\N	1
28	WAKAPUSHIDROSAL	\N	\N	2	\N	\N	2
5	KOORSMIN	8	1	2	24	\N	3
6	INSPEKTUR	9	1	2	1	\N	4
7	KOORSAHLI	10	1	2	2	\N	5
8	DIRRENA	1	1	2	3	\N	6
9	DIRPAMKESAMTAS	2	1	2	4	\N	7
10	DIROPSSURTA	3	1	2	5	\N	8
11	DIRPERS	4	1	2	6	\N	9
12	DIRLOG	5	1	2	7	\N	10
2	KASETUM	6	1	2	25	\N	12
13	KABAGKUM	11	1	2	20	\N	13
14	DANDENMA	12	1	2	21	\N	14
15	KAAKUN	13	1	2	22	\N	15
16	KASATKOM	14	1	2	23	\N	16
17	KADIS PAM	15	1	2	10	\N	17
18	KADIS HIDRO 	16	1	2	11	\N	18
19	KADIS PETA	17	1	2	12	\N	19
20	KADIS NAUTIKA	18	1	2	13	\N	20
21	KADIS OSEMET	19	1	2	14	\N	21
3	KADIS INFOLAHTA	7	1	2	15	\N	22
22	KADIS PRODISI	20	1	2	16	\N	23
23	KADIS MINPERS	21	1	2	17	\N	24
24	KADIS MAT	22	1	2	18	\N	25
30	DIRPOTMAR	25	1	2	8	\N	11
32	KADISVERA NAUTIKA	23	1	2	0	0	26
26	DANSATSURVEI	24	1	2	9	\N	27
27	WADANSATSURVEI	24	1	2	19	\N	28
29	KASUBDIS	5	2	2	\N	40	29
31	KASUBDIS	1	2	2	\N	20	30
33	KASUBDIS BNARU	18	2	2	0	1	\N
34	ADMIN SETUM	6	1	2	0	0	\N
\.


--
-- TOC entry 3026 (class 0 OID 0)
-- Dependencies: 226
-- Name: master_jabatan_id_seq; Type: SEQUENCE SET; Schema: notadinas; Owner: postgres
--

SELECT pg_catalog.setval('master_jabatan_id_seq', 1, false);


--
-- TOC entry 2898 (class 0 OID 85931)
-- Dependencies: 227
-- Data for Name: master_jenis_surat_masuk; Type: TABLE DATA; Schema: notadinas; Owner: postgres
--

COPY master_jenis_surat_masuk (id_jenis_surat_masuk, nama_jenis_surat, isi_jenis_surat) FROM stdin;
4	Telegram Rahasia	\N
6	Surat Masuk Undangan	\N
2	Surat Masuk Rahasia	\N
1	Surat Masuk Biasa	\N
5	Surat Masuk Luar Negeri	
\.


--
-- TOC entry 3027 (class 0 OID 0)
-- Dependencies: 228
-- Name: master_jenis_surat_masuk_id_jenis_surat_masuk_seq; Type: SEQUENCE SET; Schema: notadinas; Owner: postgres
--

SELECT pg_catalog.setval('master_jenis_surat_masuk_id_jenis_surat_masuk_seq', 15, true);


--
-- TOC entry 2900 (class 0 OID 85939)
-- Dependencies: 229
-- Data for Name: master_kategori; Type: TABLE DATA; Schema: notadinas; Owner: postgres
--

COPY master_kategori (id_kategori, nama_kategori) FROM stdin;
11	Buku Pedoman
6	Peraturan Kerja B
7	Peraturan Kerja C
9	Peraturan Kerja E
10	Buku Petunjuk Teknis
8	Peraturan Kerja D
13	Juknis
14	Petunjuk Lapangan
15	Petunjuk Pelaksanaan
16	Naskah
17	Peraturan Pemerintah
18	Petunjuk Tempur
19	Organisasi dan Prosedur
20	Petunjuk Administrasi
5	Peraturan Kerja ABC
\.


--
-- TOC entry 3028 (class 0 OID 0)
-- Dependencies: 230
-- Name: master_kategori_id_kategori_seq; Type: SEQUENCE SET; Schema: notadinas; Owner: postgres
--

SELECT pg_catalog.setval('master_kategori_id_kategori_seq', 21, true);


--
-- TOC entry 3029 (class 0 OID 0)
-- Dependencies: 232
-- Name: master_klarifikasi_surat_id_klarifikasi_seq; Type: SEQUENCE SET; Schema: notadinas; Owner: postgres
--

SELECT pg_catalog.setval('master_klarifikasi_surat_id_klarifikasi_seq', 4, true);


--
-- TOC entry 2902 (class 0 OID 85947)
-- Dependencies: 231
-- Data for Name: master_klasifikasi_surat; Type: TABLE DATA; Schema: notadinas; Owner: postgres
--

COPY master_klasifikasi_surat (id_klasifikasi, nama) FROM stdin;
1	SURAT RAHASIA
2	SURAT BIASA
4	SURAT IJIN
3	SURAT PERINTAH
5	SURAT IJIN JALAN
9	SURAT PERJANJIAN KERJASAMA
10	SURAT EDARAN
11	BERITA ACARA
12	SURAT KETERANGAN
14	SURAT KEPUTUSAN
15	SURAT LUAR NEGERI
8	NOTA DINAS
6	SURAT PENGANTAR
7	SURAT TUGAS
13	SURAT PERJALANAN DINAS
\.


--
-- TOC entry 3030 (class 0 OID 0)
-- Dependencies: 219
-- Name: master_klasifikasi_surat_masu_id_master_klasifikasi_surat_m_seq; Type: SEQUENCE SET; Schema: notadinas; Owner: postgres
--

SELECT pg_catalog.setval('master_klasifikasi_surat_masu_id_master_klasifikasi_surat_m_seq', 15, true);


--
-- TOC entry 2889 (class 0 OID 85898)
-- Dependencies: 218
-- Data for Name: master_klasifikasi_surat_masuk; Type: TABLE DATA; Schema: notadinas; Owner: postgres
--

COPY master_klasifikasi_surat_masuk (id_master_klasifikasi_surat_masuk, klasifikasi_surat_masuk) FROM stdin;
1	SANGAT RAHASIA
3	BIASA
15	asd
2	RAHASIA
\.


--
-- TOC entry 2904 (class 0 OID 85952)
-- Dependencies: 233
-- Data for Name: master_lemari; Type: TABLE DATA; Schema: notadinas; Owner: postgres
--

COPY master_lemari (id_lemari, nama_lemari, id_ruang) FROM stdin;
1	LM1	1
2	LM2	1
\.


--
-- TOC entry 3031 (class 0 OID 0)
-- Dependencies: 234
-- Name: master_lemari_id_lemari_seq; Type: SEQUENCE SET; Schema: notadinas; Owner: postgres
--

SELECT pg_catalog.setval('master_lemari_id_lemari_seq', 4, true);


--
-- TOC entry 2906 (class 0 OID 85957)
-- Dependencies: 235
-- Data for Name: master_proses_nota_dinas; Type: TABLE DATA; Schema: notadinas; Owner: postgres
--

COPY master_proses_nota_dinas (id, nama_proses) FROM stdin;
1	Membuat Konsep
2	Verifikasi Tembusan
3	Verifikasi KAPUSHIDROSAL
4	Verifikasi Setum
\.


--
-- TOC entry 3032 (class 0 OID 0)
-- Dependencies: 236
-- Name: master_proses_nota_dinas_id_seq; Type: SEQUENCE SET; Schema: notadinas; Owner: postgres
--

SELECT pg_catalog.setval('master_proses_nota_dinas_id_seq', 1, false);


--
-- TOC entry 2908 (class 0 OID 85962)
-- Dependencies: 237
-- Data for Name: master_proses_surat_keluar; Type: TABLE DATA; Schema: notadinas; Owner: postgres
--

COPY master_proses_surat_keluar (id, nama_proses) FROM stdin;
1	Membuat Konsep
2	Verifikasi Tembusan
3	Verifikasi SETUM
4	Verifikasi KAPUSHIDROSAL
5	Done
\.


--
-- TOC entry 3033 (class 0 OID 0)
-- Dependencies: 238
-- Name: master_proses_surat_keluar_id_seq; Type: SEQUENCE SET; Schema: notadinas; Owner: postgres
--

SELECT pg_catalog.setval('master_proses_surat_keluar_id_seq', 1, false);


--
-- TOC entry 2910 (class 0 OID 85967)
-- Dependencies: 239
-- Data for Name: master_proses_surat_masuk; Type: TABLE DATA; Schema: notadinas; Owner: postgres
--

COPY master_proses_surat_masuk (id, nama_proses) FROM stdin;
\.


--
-- TOC entry 3034 (class 0 OID 0)
-- Dependencies: 240
-- Name: master_proses_surat_masuk_id_seq; Type: SEQUENCE SET; Schema: notadinas; Owner: postgres
--

SELECT pg_catalog.setval('master_proses_surat_masuk_id_seq', 1, false);


--
-- TOC entry 2912 (class 0 OID 85972)
-- Dependencies: 241
-- Data for Name: master_rak; Type: TABLE DATA; Schema: notadinas; Owner: postgres
--

COPY master_rak (id_rak, nama_rak, id_lemari) FROM stdin;
1	KAYU 1	1
2	PLASTIK 1	2
\.


--
-- TOC entry 3035 (class 0 OID 0)
-- Dependencies: 242
-- Name: master_rak_id_rak_seq; Type: SEQUENCE SET; Schema: notadinas; Owner: postgres
--

SELECT pg_catalog.setval('master_rak_id_rak_seq', 4, true);


--
-- TOC entry 2914 (class 0 OID 85977)
-- Dependencies: 243
-- Data for Name: master_ruang; Type: TABLE DATA; Schema: notadinas; Owner: postgres
--

COPY master_ruang (id_ruang, nama_ruang) FROM stdin;
1	RUANG 1
2	RUANG 2
\.


--
-- TOC entry 3036 (class 0 OID 0)
-- Dependencies: 244
-- Name: master_ruang_id_ruang_seq; Type: SEQUENCE SET; Schema: notadinas; Owner: postgres
--

SELECT pg_catalog.setval('master_ruang_id_ruang_seq', 4, true);


--
-- TOC entry 2916 (class 0 OID 85982)
-- Dependencies: 245
-- Data for Name: master_ruangkrj; Type: TABLE DATA; Schema: notadinas; Owner: postgres
--

COPY master_ruangkrj (id_ruang_kerja, id_workspace, nama_krj, eoffice_rk, object_id) FROM stdin;
1	951	Oktober 2018	Surat Masuk	954
2	951	Februari 2018	Surat Masuk	959
\.


--
-- TOC entry 2917 (class 0 OID 85988)
-- Dependencies: 246
-- Data for Name: master_satuan; Type: TABLE DATA; Schema: notadinas; Owner: postgres
--

COPY master_satuan (id, nama_satuan) FROM stdin;
1	DITRENA
2	DITPAMKERSAMTAS
3	DITOPSSURTA
4	DITPERS
5	DITLOG
6	SETUM
7	DIS INFOLAHTA
8	SMIN
9	INSPEKTORAT
10	SAHLI
11	BAGKUM
12	DENMA
13	AKUN
14	SATKOM
15	DIS PAM
16	DIS HIDRO
17	DIS PETA
18	DIS NAUTIKA
19	DIS OSEMET
20	DIS PRODISI
21	DIS MINPRES
22	DIS MAT
23	DIS VERA NAUTIKA
24	SATSURVEI
25	DIRPOTMAR
\.


--
-- TOC entry 3037 (class 0 OID 0)
-- Dependencies: 247
-- Name: master_satuan_id_seq; Type: SEQUENCE SET; Schema: notadinas; Owner: postgres
--

SELECT pg_catalog.setval('master_satuan_id_seq', 1, false);


--
-- TOC entry 2919 (class 0 OID 85996)
-- Dependencies: 248
-- Data for Name: master_subjabatan; Type: TABLE DATA; Schema: notadinas; Owner: postgres
--

COPY master_subjabatan (id_subjabatan, nama_subjabatan, id_jabatan) FROM stdin;
1	KASUBBAG TATA MINU	2
2	KASUBBAG SUS	2
3	KASUBBAG TUR	2
4	KASUBBAG ARSIP	2
5	KASUBDIS BANGSIS	3
6	KASUBDIS DUKNIS	3
7	KASUBDIS PEN	3
8	KAUR TU	5
9	SMIN PUSHIDROSAL	5
10	PA BUNGKOL	5
11	ITDAOPS	6
12	ITDABIN	6
13	KAUR TU	6
14	PAUR BMN	6
15	STAF AHLI OPS	7
16	STAF AHLI TEKNO	7
17	STAF AHLI JEMEN	7
18	KAUR TU	7
19	PAUR BMN	7
20	KASUBDIT RENNUM	8
21	KASUBDIT LITBANG JEMEN	8
22	KASUBDIT DALPRO	8
23	KAUR TU	8
24	PAUR BMN	8
25	KASUBDIT PENGAMANAN	9
26	KASUBDIT KERJASAMA	9
27	KASUBDIT PERBATASAN	9
28	KAUR TU	9
29	PAUR BMN	9
30	KASUBDIT RENOPSSURTA	10
31	KASUBDIT OPSLATSURTA	10
32	KASUBDIT DALOPSSURTA	10
33	KAUR TU	10
34	PAUR BMN	10
35	KASUBDIT RENPERS	11
36	KASUBDIT WATPRES	11
37	KASUBDIT BANGPROF HIDRO	11
38	KAUR TU	11
39	PAUR BMN	11
40	KASUBDIT RENLOG	12
41	KASUBDIT WAS	12
42	KASUBDIT FASLANINVEN	12
43	KAUR TU	12
44	KASUBBAG KUMLA INTERNASIONAL	13
45	KASUBBAG PERJANJIAN	13
46	KASUBBAG YANKUM	13
47	PAUR TU	13
48	PALAKSA	14
49	PASOPS	14
50	PASMIN	14
51	KASATPROV	14
52	KASATKES	14
53	PAUR TU	14
54	KASUBSI VERIFIKASI	15
55	KASUBSIYAR (BP)	15
56	PAUR TU	15
57	KASI PUSBRA	16
58	KASI SANDI	16
59	KASI PERNIKA	16
60	PAUR TU	16
61	KASUBDIS PAMPERS	17
62	KASUBDIS PAM GIAT SURTA	17
63	KASUBDIS PAMMAT	17
64	KASUBDIS PAMDOK	17
65	KAUR TU	17
66	PAUR BMN	17
67	KASUBDIS GEOMATIKA	18
68	KASUBDIS LAHTA SURVEI	18
69	KASUBDIS BDB	18
70	KAUR TU	18
71	PAUR BMN	18
72	KASUBDIS BDPL	19
73	KASUBDIS PETA NAVLEK	19
74	KASUBDIS PETA KERTAS	19
75	KASUBDIS PETA MILITER DAN PETA KHUSUS	19
76	KAUR TU	19
77	PAUR BMN	19
78	KASUBDIS NAVIGASI	20
79	KASUBDIS TOPOPANTAI	20
80	KAPUBLIKNAGI	20
81	KAUR TU	20
82	PAUR BMN	20
83	KASUBDIS OSEANOGRAFI	21
84	KASUBDIS METKLIMAT	21
85	KASUBDIS RAPLINGLA	21
86	KAUR TU	21
87	PAUR BMN	21
88	KASUBDIT PROGWAS	22
89	KASUBDIS CETAK	22
90	KASUBDIS DIS	22
91	KAUR TU	22
92	PAUR BMN	22
93	KASUBDIS BINPROF HIDROS	23
94	KASUBDIS MINPERS	23
95	KASUBDIS WATPERS	23
96	KAUR TU	23
97	PAUR BMN	23
98	KASUBDIS RENBANGMAT	24
99	KASUBDIS BEKHAR	24
100	KASUBDIS FASLAN	24
101	KAUR TU	24
102	PAUR BMN	24
103	KASUBDIS RENADAALSURTA	25
104	KASUBDIS DUKALOPSSURTA	25
105	KASUBDIS DALTEKALSURTA	25
106	KAUR TU	25
107	PAUR BMN	25
108	DANSATSURVEI	26
109	WADANSATSURVEI	26
110	SPROGAR	26
111	SOPS	26
112	SMINLOG	26
113	SHARMAT	26
114	DAN UNIT SURVEI	26
115	DAN UNIT BANTU	26
116	KRI/KAL	26
117	KAUR TU	26
118	PAUR BMN	26
119	RENPUAN	30
120	TAHWILTAS	30
121	KOMSOS DAN BAKTI TNI AL	30
\.


--
-- TOC entry 3038 (class 0 OID 0)
-- Dependencies: 249
-- Name: master_subjabatan_id_subjabatan_seq; Type: SEQUENCE SET; Schema: notadinas; Owner: postgres
--

SELECT pg_catalog.setval('master_subjabatan_id_subjabatan_seq', 1, true);


--
-- TOC entry 2921 (class 0 OID 86001)
-- Dependencies: 250
-- Data for Name: master_surat_keluar; Type: TABLE DATA; Schema: notadinas; Owner: postgres
--

COPY master_surat_keluar (id_master_surat_keluar, jenis_surat_keluar, isi_surat_keluar) FROM stdin;
15	SURAT PERJALANAN DINAS	<p style="text-align: center;"><strong>SURAT PERJALANAN DINAS(SPD)</strong><br /> <strong>NOMOR: SPD/123/2013</strong></p>\r\n<table style="border-collapse: collapse; width: 100%;" border="1">\r\n<tbody>\r\n<tr style="height: 36px;">\r\n<td style="width: 5.95789%; height: 36px;">1.&nbsp;</td>\r\n<td style="width: 21.3521%; height: 36px;">Pejabat Pembuat komitmen</td>\r\n<td style="width: 72.6758%; height: 36px;" colspan="2">Trismadi<br /> Laksamana Pertama TNI</td>\r\n</tr>\r\n<tr style="height: 82px;">\r\n<td style="width: 5.95789%; height: 82px;">2.</td>\r\n<td style="width: 21.3521%; height: 82px;" width="151">\r\n<p>Nama/NRP yang melaksanakan perjalanan dinas</p>\r\n</td>\r\n<td style="width: 72.6758%; height: 82px;" colspan="2" width="435">\r\n<p>Yohannes E.R.S.T.M.T</p>\r\n</td>\r\n</tr>\r\n<tr style="height: 18px;">\r\n<td style="width: 5.95789%; height: 18px;">3.</td>\r\n<td style="width: 21.3521%; height: 18px;">\r\n<p>a. Pangkat&nbsp;</p>\r\n<p>b. Jabatan/Instansi</p>\r\nc. Tingkat Perjalanan dinas</td>\r\n<td style="width: 72.6758%; height: 18px;" colspan="2">\r\n<p>a. Mayor Laut NRP/213P</p>\r\n<p>b. Kasubsi Faslabuh Faslan Pushidrosal</p>\r\nc. C</td>\r\n</tr>\r\n<tr style="height: 18px;">\r\n<td style="width: 5.95789%; height: 18px;">4.</td>\r\n<td style="width: 21.3521%; height: 18px;">Maksud Perjalanan</td>\r\n<td style="width: 72.6758%; height: 18px;" colspan="2" width="435">\r\n<p>Dalam rangka mengikuti wisuda Mantan Mahasiswa S-2 ASRO<br /> STTL Angk. II TA.2014 di STTAL Surabaya</p>\r\n</td>\r\n</tr>\r\n<tr style="height: 18px;">\r\n<td style="width: 5.95789%; height: 18px;">5.</td>\r\n<td style="width: 21.3521%; height: 18px;">Alat angkat yang diperlukan</td>\r\n<td style="width: 72.6758%; height: 18px;" colspan="2">Pesawat terbang, Kreta Api, Bus, dll</td>\r\n</tr>\r\n<tr style="height: 18px;">\r\n<td style="width: 5.95789%; height: 18px;">6.</td>\r\n<td style="width: 21.3521%; height: 18px;">\r\n<p>a. Tempat Berangkat</p>\r\nb. Tempat Tujuan</td>\r\n<td style="width: 72.6758%; height: 18px;" colspan="2">\r\n<p>Jakarta</p>\r\nSurabaya</td>\r\n</tr>\r\n<tr style="height: 18px;">\r\n<td style="width: 5.95789%; height: 18px;">7.</td>\r\n<td style="width: 21.3521%; height: 18px;">\r\n<p>a. Lamanya perjalanan dinas</p>\r\n<p>b. Tanggal berangkat</p>\r\nc. Tanggal harus kembali/tiba ditempat baru *)</td>\r\n<td style="width: 47.6758%; height: 18px;" width="435">\r\n<p>a. 5hari</p>\r\n<p>b. 18 Januari 2017</p>\r\n<p>c. 23 Januari 2017</p>\r\n</td>\r\n<td style="width: 25%; height: 18px;">&nbsp;</td>\r\n</tr>\r\n<tr style="height: 18px;">\r\n<td style="width: 5.95789%; height: 18px;">8.</td>\r\n<td style="width: 21.3521%; height: 18px; text-align: center;">Pengikut :</td>\r\n<td style="width: 47.6758%; height: 18px; text-align: center;">Tempat Lahir</td>\r\n<td style="width: 25%; height: 18px; text-align: center;">Keterangan</td>\r\n</tr>\r\n<tr style="height: 61px;">\r\n<td style="width: 5.95789%; height: 61px;">&nbsp;</td>\r\n<td style="width: 21.3521%; text-align: center; height: 61px;">&nbsp;</td>\r\n<td style="width: 47.6758%; text-align: center; height: 61px;">&nbsp;</td>\r\n<td style="width: 25%; text-align: center; height: 61px;">&nbsp;</td>\r\n</tr>\r\n<tr style="height: 18px;">\r\n<td style="width: 5.95789%; height: 18px;">9.</td>\r\n<td style="width: 21.3521%; height: 18px;">\r\n<p>Pembebanan Angaran</p>\r\n<p>a. Kemnhan</p>\r\nb. Akun</td>\r\n<td style="width: 47.6758%; height: 18px;">APBN DIPA PNBP</td>\r\n<td style="width: 25%; height: 18px;">&nbsp;</td>\r\n</tr>\r\n<tr style="height: 18px;">\r\n<td style="width: 5.95789%; height: 18px;">10.</td>\r\n<td style="width: 21.3521%; height: 18px;">Keterangan lain</td>\r\n<td style="width: 47.6758%; height: 18px;">&nbsp;</td>\r\n<td style="width: 25%; height: 18px;">&nbsp;</td>\r\n</tr>\r\n</tbody>\r\n</table>\r\n<p>&nbsp;</p>\r\n<table style="width: 100%; border-collapse: collapse; border-color: transparent;" border="1">\r\n<tbody>\r\n<tr>\r\n<td style="width: 50%;">\r\n<p>I.&nbsp; &nbsp; &nbsp; &nbsp; Tiba di : Surabaya<br />&nbsp; &nbsp; &nbsp; &nbsp; &nbsp; Pada tanggal :</p>\r\n</td>\r\n<td style="width: 50%;">\r\n<p>I.&nbsp; &nbsp; &nbsp; &nbsp;Berangkat dari : Jakarta<br />&nbsp; &nbsp; &nbsp; &nbsp; &nbsp;( Tempat Kedudukan )<br />&nbsp; &nbsp; &nbsp; &nbsp; &nbsp;Ke : Surabaya</p>\r\n</td>\r\n</tr>\r\n<tr>\r\n<td style="width: 50%;">\r\n<p>II.&nbsp; &nbsp; &nbsp; Tiba : Jakarta<br />&nbsp; &nbsp; &nbsp; &nbsp; &nbsp; Pada Tanggal &nbsp;:</p>\r\n</td>\r\n<td style="width: 50%;">\r\n<p>II.&nbsp; &nbsp; &nbsp;Pada tanggal :</p>\r\n<p>&nbsp;</p>\r\n</td>\r\n</tr>\r\n<tr>\r\n<td style="width: 50%;">\r\n<p>&nbsp;</p>\r\n</td>\r\n<td style="width: 50%;">\r\n<p>Telah diperiksa dengan keterangan bahwa perjalanan tersebut atas perintahnya dan semata &ndash; mata untuk kepentingan jabatan dalam waktu yang sesingkat -singkatnya</p>\r\n</td>\r\n</tr>\r\n<tr>\r\n<td style="width: 50%;">\r\n<p style="text-align: center;">Wakapushidrosal<br />Selaku<br />Pejabat Pembuat Komitmen</p>\r\n</td>\r\n<td style="width: 50%;">\r\n<p style="text-align: center;">Wakapushidrosal<br />Selaku<br />Pejabat Pembuat Komitmen</p>\r\n</td>\r\n</tr>\r\n</tbody>\r\n</table>\r\n<p>&nbsp; &nbsp; &nbsp; &nbsp; &nbsp; &nbsp; &nbsp;</p>
4	SURAT BIASA	<p style="text-align: left;">TENTARA NASIONAL INDONESIA ANGKATAN LAUT</p>\r\n<p style="text-align: left; margin-top: -10px;">&nbsp;&nbsp;&nbsp;&nbsp; PUSAT HIDROGRAFI DAN OSEANOGRAFI&nbsp; &nbsp; &nbsp; &nbsp; &nbsp; &nbsp; &nbsp; &nbsp; &nbsp; &nbsp; &nbsp; &nbsp; &nbsp; &nbsp; &nbsp; &nbsp; &nbsp; &nbsp; &nbsp; &nbsp; &nbsp; &nbsp;Jakarta, 19 Januari 2018</p>\r\n<hr style="width: 360px; float: left; margin-top: -10px;" />\r\n<p style="padding-left: 30px;">&nbsp; &nbsp; &nbsp; &nbsp; &nbsp; &nbsp; &nbsp; &nbsp; &nbsp; &nbsp; &nbsp; &nbsp; &nbsp; &nbsp; &nbsp; &nbsp; &nbsp; &nbsp; &nbsp; &nbsp; &nbsp; &nbsp; &nbsp; &nbsp; &nbsp; &nbsp; &nbsp; &nbsp; &nbsp; &nbsp; &nbsp; &nbsp; &nbsp; &nbsp; &nbsp; &nbsp; &nbsp; &nbsp; &nbsp; &nbsp;&nbsp;</p>\r\n<p>Nomor&nbsp; &nbsp; &nbsp; &nbsp;: B/6/I/2018<br />Klasifikasi&nbsp; : Biasa<br />Lampiran&nbsp; &nbsp;: Satu Lembar<br />Perihal&nbsp; &nbsp; &nbsp; &nbsp;: Usulan mengikuti Program Profesi<br />&nbsp; &nbsp; &nbsp; &nbsp; &nbsp; &nbsp; &nbsp; &nbsp; &nbsp; &nbsp;Hidrografi Kategori A di ITB&nbsp;</p>\r\n<hr style="width: 235px; float: left; margin-top: -10px; margin-left: 94px;" />\r\n<p style="padding-left: 420px;">&nbsp; &nbsp; &nbsp; &nbsp; &nbsp; &nbsp; &nbsp; &nbsp; &nbsp; &nbsp; &nbsp; &nbsp; &nbsp; &nbsp; Kepada</p>\r\n<p style="padding-left: 420px;">&nbsp; &nbsp; &nbsp; &nbsp; &nbsp; &nbsp; &nbsp; &nbsp; &nbsp; Yth.&nbsp; &nbsp; Aspam Kasal</p>\r\n<p style="padding-left: 420px;">&nbsp; &nbsp; &nbsp; &nbsp; &nbsp; &nbsp; &nbsp; &nbsp; &nbsp; &nbsp; &nbsp; &nbsp; &nbsp; &nbsp;di</p>\r\n<p style="padding-left: 420px;">&nbsp; &nbsp; &nbsp; &nbsp; &nbsp; &nbsp; &nbsp; &nbsp; &nbsp; &nbsp; &nbsp; &nbsp; &nbsp; &nbsp;Jakarta</p>\r\n<p style="padding-left: 420px;">&nbsp;</p>\r\n<p style="padding-left: 420px;">&nbsp;</p>\r\n<p style="padding-left: 30px;">1.&nbsp; &nbsp;Berdasarkan Email <span style="text-decoration: underline;"><em>poerbandono@gmail.com</em></span>&nbsp;dari Institut Teknologi Bandung tanggal 30 Desember 2017 tentang Calon Pendaftar Profesi Hidrografi Kategori A.</p>\r\n<p style="padding-left: 30px;">2. Sehubungan dasar tersebut, bersama ini diajukan usulan Perwira Pushidrosal untuk mengikuti Profesi Hidrografi Kategori A di ITB atas nama Kapten Laut (E) Undang Rohana, S.T. NRP 17191/P, Kadep Eka KRI DKB-932 Satsurvei Pushidrosal.</p>\r\n<p style="padding-left: 30px;">3. Demikian terima kasih atas perhatian.</p>\r\n<p style="padding-left: 570px;">&nbsp; &nbsp;Kepala Pushidrosal</p>\r\n<p style="padding-left: 570px;">&nbsp;</p>\r\n<p style="padding-left: 570px;">&nbsp;</p>\r\n<p style="padding-left: 570px;">&nbsp;</p>\r\n<p style="padding-left: 570px;">&nbsp; &nbsp; &nbsp; &nbsp;Harjo Susmoro<br />&nbsp; Laksamana Muda TNI</p>\r\n<p style="padding-left: 30px;">Tembusan</p>\r\n<table style="width: 100%; border-collapse: collapse; border-color: transparent;" border="1">\r\n<tbody>\r\n<tr>\r\n<td style="width: 33.3333%; vertical-align: top; text-align: left;">&nbsp; &nbsp; &nbsp; 1. Aspers Kasal<br />&nbsp; &nbsp; &nbsp; 2. Kadisdikal<br /> &nbsp;&nbsp;&nbsp;<hr style="width: 110px; float: left; margin-top: 5px; margin-left: 30px;" /></td>\r\n<td style="width: 21.8027%;">&nbsp;</td>\r\n<td style="width: 44.8639%;">\r\n<table style="border-collapse: collapse; width: 100%;" border="1">\r\n<tbody>\r\n<tr style="height: 16px;">\r\n<td style="width: 16.6667%; height: 16px; text-align: left;">&nbsp;NO</td>\r\n<td style="width: 16.6667%; text-align: left;">&nbsp;JABATAN</td>\r\n<td style="width: 33.3333%; height: 16px; text-align: left;">&nbsp;PARAF</td>\r\n<td style="width: 33.3333%; height: 16px; text-align: left;">&nbsp;TANGGAL</td>\r\n</tr>\r\n<tr style="height: 16px;">\r\n<td style="width: 16.6667%; height: 16px; text-align: center;">1.</td>\r\n<td style="width: 16.6667%;">&nbsp;Waka</td>\r\n<td style="width: 33.3333%; height: 16px;">&nbsp;Pada Draft</td>\r\n<td style="width: 33.3333%; height: 16px;">&nbsp;10-01-2018</td>\r\n</tr>\r\n<tr style="height: 16px;">\r\n<td style="width: 16.6667%; height: 16px; text-align: center;">2.</td>\r\n<td style="width: 16.6667%;">&nbsp;Dirpers</td>\r\n<td style="width: 33.3333%; height: 16px;">&nbsp;Pada Draft</td>\r\n<td style="width: 33.3333%; height: 16px;">&nbsp;10-01-2018</td>\r\n</tr>\r\n<tr>\r\n<td style="width: 16.6667%; text-align: center;">3.</td>\r\n<td style="width: 16.6667%;">&nbsp;Kadisminpers</td>\r\n<td style="width: 33.3333%;">&nbsp;Pada Draft</td>\r\n<td style="width: 33.3333%;">&nbsp;10-01-2018</td>\r\n</tr>\r\n<tr>\r\n<td style="width: 16.6667%; text-align: center;">4.</td>\r\n<td style="width: 16.6667%;">&nbsp;lkasetum</td>\r\n<td style="width: 33.3333%;">&nbsp;Pada Draft</td>\r\n<td style="width: 33.3333%;">&nbsp;11-01-2018</td>\r\n</tr>\r\n</tbody>\r\n</table>\r\n</td>\r\n</tr>\r\n</tbody>\r\n</table>\r\n<p>&nbsp;</p>
2	NOTADINAS	<p style="text-align: left;">PUSAT HIDROGRAFI DAN OSEANOGRAFI TNI AL</p>\r\n<p style="text-align: left; margin-top: -10px; margin-left: 100px;">SEKRETARIAT UMUM</p>\r\n<hr style="width: 360px; float: left; margin-top: -10px;" />\r\n<p>&nbsp;</p>\r\n<p style="text-align: center;">NOTA DINAS<br />Nomor B/ND/ &nbsp; /VI/2017</p>\r\n<p style="text-align: center;">&nbsp;</p>\r\n<p style="text-align: left;">Kepada Yth. : Kasetumal</p>\r\n<p style="text-align: left;">Dari<span style="margin-left: 63px;">: Kasetum Pushidrosal</span></p>\r\n<p style="text-align: left;">Perihal<span style="margin-left: 45px;">: Permohonan Perkasal dan Kep Kasal</span></p>\r\n<hr style="width: 260px; float: left; margin-top: -10px; margin-left: 100px;" />\r\n<p style="text-align: left;">&nbsp;</p>\r\n<p>1. <span style="margin-left: 30px;">Bersama ini mohon diberikan :</span></p>\r\n<p><span style="margin-left: 50px;">a. Peraturan Kasal Nomor 81/XI/2009 tanggal 19 November 2009 dan perubahannya</span></p>\r\n<p><span style="margin-left: 50px;">tentang Ketentuan Badge dan tanda Lokasi Kesatuan di Lingkungan Angkatan Laut.</span></p>\r\n<p><span style="margin-left: 50px;">b. Keputusan Kasal Nomor Kep/1021/VII/2013 tanggal 29 juli 2013 tentang Penataan</span></p>\r\n<p><span style="margin-left: 50px;">Lambang Kotama/Balakpus di Lingkungan TNI AL.</span></p>\r\n<p>2. <span style="margin-left: 30px;">Sehubungan hal tersebut, daftar nama dimaksud dibutuhkan sebagai referensi untuk kajian tanda lokasi dan lambang Kotama Pushidrosal.</span></p>\r\n<p>3. <span style="margin-left: 30px;">Demikian disampaikan terima kasih atas perhatian.</span></p>\r\n<p>&nbsp;</p>\r\n<p style="text-align: right; margin-right: 50px;">Jakarta, 16 Juni 2017</p>\r\n<p style="text-align: right; margin-right: 100px;">Kasetum,</p>\r\n<p style="text-align: right;">&nbsp;</p>\r\n<p style="text-align: right;">&nbsp;</p>\r\n<p style="text-align: right; margin-right: 60px;">Muddan Zayadi, S.Si</p>\r\n<p style="text-align: right; margin-right: 30px; margin-top: -15px;">Letkol Laut (KH) NRP 13100/P</p>\r\n<p style="margin-right: 30px; margin-top: -15px; text-align: left;">&nbsp;</p>\r\n<p style="margin-right: 30px; margin-top: -15px; text-align: left;">&nbsp;</p>\r\n<p style="margin-right: 30px; margin-top: -15px; text-align: left;">&nbsp;</p>\r\n<p style="margin-right: 30px; margin-top: -15px; text-align: left;">&nbsp;</p>\r\n<p style="margin-right: 30px; margin-top: -15px; text-align: left;">&nbsp;</p>\r\n<p style="margin-right: 30px; margin-top: -15px; text-align: left;">&nbsp;</p>\r\n<p style="margin-right: 30px; margin-top: -15px; text-align: left;">&nbsp;</p>\r\n<ul>\r\n<li>Peraturan Kasal Nomor: Perkasal/81/XI/2019 tanggal 19 November 2009 dan perubahannya tentang Ketentuan Badge dan Tanda Lokasi Kesatuan di Lingkungan TNI Angkatan Laut.</li>\r\n<li>Keputusan Kasal Nomor Kep/1021/VII/2013 tanggal 29 Juli 2013 tentang Penataan lambang Kotama/Balakpus di Lingkungan TNI Angkatan Laut.</li>\r\n</ul>\r\n<p style="margin-right: 30px; margin-top: -15px; text-align: left;">&nbsp;</p>\r\n<p style="margin-right: 30px; margin-top: -15px; text-align: left;">&nbsp;</p>\r\n<p style="margin-right: 30px; margin-top: -15px; text-align: left;">&nbsp;</p>\r\n<p style="margin-right: 30px; margin-top: -15px; text-align: left;">&nbsp;</p>\r\n<p style="margin-right: 30px; margin-top: -15px; text-align: left;">&nbsp;</p>\r\n<p style="margin-right: 30px; margin-top: -15px; text-align: left;">&nbsp;</p>\r\n<p>&nbsp;</p>
1	BERITA ACARA	<p style="text-align: left;">TENTARA NASIONAL INDONESIA ANGKATAN LAUT</p>\r\n<p style="text-align: left; margin-top: -10px;">&nbsp;&nbsp;&nbsp;&nbsp; PUSAT HIDROGRAFI DAN OSEANOGRAFI&nbsp;&nbsp;&nbsp;&nbsp;&nbsp;&nbsp;&nbsp;</p>\r\n<hr style="width: 360px; float: left; margin-top: -10px;" />\r\n<p>&nbsp;</p>\r\n<h4 style="text-align: center;">BERITA ACARA PENYERAHAN/PENERIMAAN SENJATA<br />Nomor : BA/ &nbsp; &nbsp;/I/2017</h4>\r\n<p>Pada hari ini Tanggal Tiga Puluh Bulan Januari Tahun Dua Ribu Tujuh Belas sekira pukul 10.00 WIB saya :</p>\r\n<p style="text-align: center;">Johan Syah</p>\r\n<p style="text-align: justify; margin-top: -10px;">Pangkat/Korp/Nrp Peltu Saa jabatan Ba. Senjata Staf Pushidrosal, menyerahkan 1 (satu) pucuk senjata GRAND ZKR nomor senjata 06364, beserta 10 (sepuluh) butir amunisi kaliber 38 Spc dan 1 (satu) lembar Surat Izin Senjata Jabatan Ta. Ur Hartib Satprov Pushidrosal nomor SIS.R/11/ZKR/I/17/Sisen. Barang inventaris tersebut diserahkan kepada:</p>\r\n<p style="text-align: center;">Denis Reno Basuki</p>\r\n<p style="text-align: justify; margin-top: -10px;">Pangkat/Korp/Nrp Kopka Pom NRP 77317 jabatan Ta. Walmor Kapushidrosal, Benar telah menerima inventaris senjata dan amunisi serta kartu SIS sesuai dengan daftar lampiran.</p>\r\n<p style="text-align: right;">Jakarta, 30 Januari 2017</p>\r\n<table style="border-collapse: collapse; width: 60%; margin-top: -20px;" border="1">\r\n<tbody>\r\n<tr style="height: 18px;">\r\n<td style="width: 1.46356%; text-align: center; height: 18px;">NO</td>\r\n<td style="width: 5.37634%; text-align: center; height: 18px;">JABATAN</td>\r\n<td style="width: 3.7094%; text-align: center; height: 18px;">PARAF</td>\r\n<td style="width: 5.96801%; text-align: center; height: 18px;">TANGGAL</td>\r\n</tr>\r\n<tr style="height: 18px;">\r\n<td style="width: 1.46356%; text-align: center; height: 18px;">1</td>\r\n<td style="width: 5.37634%; height: 18px; text-align: left;">Pa.Sops</td>\r\n<td style="width: 3.7094%; height: 18px;">&nbsp;</td>\r\n<td style="width: 5.96801%; height: 18px;">&nbsp;</td>\r\n</tr>\r\n<tr style="height: 18px;">\r\n<td style="width: 1.46356%; height: 18px; text-align: center;">2</td>\r\n<td style="width: 5.37634%; height: 18px; text-align: left;">PgS.Kasatma</td>\r\n<td style="width: 3.7094%; height: 18px;">&nbsp;</td>\r\n<td style="width: 5.96801%; height: 18px;">&nbsp;</td>\r\n</tr>\r\n</tbody>\r\n</table>\r\n<p style="margin-left: 140px;">Yang Menerima</p>\r\n<p style="margin-left: 100px; margin-top: -10px;">Ta. Walmor Kapushidrosal</p>\r\n<p style="margin-left: 100px; margin-top: -10px;">&nbsp;</p>\r\n<p>&nbsp;</p>\r\n<p>&nbsp;</p>\r\n<p style="margin-left: 130px; margin-top: -10px;">Denis Reno Basuki</p>\r\n<p style="margin-left: 115px; margin-top: -10px;">Kopka Pom NRP 77317</p>\r\n<p style="text-align: right; margin-top: -185px; margin-right: 135px;">Yang Menyerahkan</p>\r\n<p style="text-align: right; margin-right: 100px; margin-top: -10px;">Ba. Senjata Staf Pushidrosal</p>\r\n<p style="text-align: right; margin-right: 100px; margin-top: -10px;">&nbsp;</p>\r\n<p style="text-align: right;">&nbsp;</p>\r\n<p style="text-align: right;">&nbsp;</p>\r\n<p style="text-align: right; margin-right: 155px; margin-top: -10px;">Johan Syah</p>\r\n<p style="text-align: right; margin-right: 125px; margin-top: -10px;">Peltu Saa NRP 82122</p>\r\n<p style="text-align: center;">Mengetahui</p>\r\n<p style="text-align: center; margin-top: -10px;">a.n Kepala Pushidrosal</p>\r\n<p style="text-align: center; margin-top: -10px;">Waka</p>\r\n<p style="text-align: center; margin-top: -10px;">U.b</p>\r\n<p style="text-align: center; margin-top: -10px;">PgS. Dandenma,</p>\r\n<p style="text-align: center; margin-top: -10px;">&nbsp;</p>\r\n<p style="text-align: center; margin-top: -10px;">&nbsp;</p>\r\n<p style="text-align: center; margin-top: -10px;">&nbsp;</p>\r\n<p style="text-align: center; margin-top: -10px;">&nbsp;</p>\r\n<p style="text-align: center; margin-top: -10px;">Yunus Tandepadang, S. SiT</p>\r\n<p style="text-align: center; margin-top: -10px;">Mayor Laut (T) NRP 15606/P</p>\r\n<p>&nbsp;</p>\r\n<p>&nbsp;</p>\r\n<p style="text-align: left;">TENTARA NASIONAL INDONESIA ANGKATAN LAUT</p>\r\n<p style="text-align: left; margin-top: -10px;">&nbsp;&nbsp;&nbsp;&nbsp; PUSAT HIDROGRAFI DAN OSEANOGRAFI&nbsp;&nbsp;&nbsp;&nbsp;&nbsp;&nbsp;&nbsp;</p>\r\n<hr style="width: 360px; float: left; margin-top: -10px;" />\r\n<p style="text-align: right; margin-right: 70px; margin-top: -40px;">Nomor BA/ &nbsp; &nbsp; /I/2017</p>\r\n<h4 style="text-align: center;">&nbsp;</h4>\r\n<h4 style="text-align: center;"><span style="text-decoration: underline;">BUKTI PENYERAHAN</span></h4>\r\n<p>Telah diserahkan barang inventaris tersebut di bawah ini</p>\r\n<p>Kepada : Kopka Pom Denis Reno Basuki NRP 77317</p>\r\n<table style="border-collapse: collapse; width: 100%;" border="1">\r\n<tbody>\r\n<tr style="height: 36px;">\r\n<td style="width: 5.60055%; height: 36px; text-align: center;">NO</td>\r\n<td style="width: 23.8182%; height: 36px; text-align: center;">JENIS BARANG</td>\r\n<td style="width: 12.3994%; height: 36px; text-align: center;">JML</td>\r\n<td style="width: 19.5529%; height: 36px; text-align: center;">SATUAN</td>\r\n<td style="width: 38.6289%; height: 36px; text-align: center;">KETERANGAN</td>\r\n</tr>\r\n<tr style="height: 36px;">\r\n<td style="width: 5.60055%; height: 36px; text-align: center;">1</td>\r\n<td style="width: 23.8182%; height: 36px; text-align: center;">GRAND ZKR Nosen 06364</td>\r\n<td style="width: 12.3994%; height: 36px; text-align: center;">1</td>\r\n<td style="width: 19.5529%; height: 36px; text-align: center;">Pucuk</td>\r\n<td style="width: 38.6289%; height: 72px; text-align: left;" rowspan="3">\r\n<p>&nbsp;- Diserahkan dalam kondisi baik dan lengkap</p>\r\n<p>&nbsp;- Diterima dalam keadaan baik dan lengkap</p>\r\n<p>&nbsp;- Nomor R/11/ZKR/I/17/sisen</p>\r\n</td>\r\n</tr>\r\n<tr style="height: 18px;">\r\n<td style="width: 5.60055%; height: 18px; text-align: center;">2</td>\r\n<td style="width: 23.8182%; height: 18px; text-align: center;">Amunisi Kaliber 38 Spc</td>\r\n<td style="width: 12.3994%; height: 18px; text-align: center;">10</td>\r\n<td style="width: 19.5529%; height: 18px; text-align: center;">Butir</td>\r\n<td style="width: 20%; height: 18px; text-align: center;">&nbsp;</td>\r\n</tr>\r\n<tr style="height: 18px;">\r\n<td style="width: 5.60055%; height: 18px; text-align: center;">3</td>\r\n<td style="width: 23.8182%; height: 18px; text-align: center;">Surat Izin Senjata</td>\r\n<td style="width: 12.3994%; height: 18px; text-align: center;">1</td>\r\n<td style="width: 19.5529%; height: 18px; text-align: center;">Lembar</td>\r\n<td style="width: 20%; height: 18px; text-align: center;">&nbsp;</td>\r\n</tr>\r\n</tbody>\r\n</table>\r\n<p style="text-align: right;">Jakarta, 30 Januari 2017</p>\r\n<table style="border-collapse: collapse; width: 60%;" border="1">\r\n<tbody>\r\n<tr style="height: 18px;">\r\n<td style="width: 1.46356%; text-align: center; height: 18px;">NO</td>\r\n<td style="width: 5.37634%; text-align: center; height: 18px;">JABATAN</td>\r\n<td style="width: 3.7094%; text-align: center; height: 18px;">PARAF</td>\r\n<td style="width: 5.96801%; text-align: center; height: 18px;">TANGGAL</td>\r\n</tr>\r\n<tr style="height: 18px;">\r\n<td style="width: 1.46356%; text-align: center; height: 18px;">1</td>\r\n<td style="width: 5.37634%; height: 18px; text-align: left;">Pa.Sops</td>\r\n<td style="width: 3.7094%; height: 18px;">&nbsp;</td>\r\n<td style="width: 5.96801%; height: 18px;">&nbsp;</td>\r\n</tr>\r\n<tr style="height: 18px;">\r\n<td style="width: 1.46356%; height: 18px; text-align: center;">2</td>\r\n<td style="width: 5.37634%; height: 18px; text-align: left;">PgS.Kasatma</td>\r\n<td style="width: 3.7094%; height: 18px;">&nbsp;</td>\r\n<td style="width: 5.96801%; height: 18px;">&nbsp;</td>\r\n</tr>\r\n</tbody>\r\n</table>\r\n<p style="margin-left: 140px;">Yang Menerima</p>\r\n<p style="margin-left: 100px; margin-top: -10px;">Ta. Walmor Kapushidrosal</p>\r\n<p style="margin-left: 100px; margin-top: -10px;">&nbsp;</p>\r\n<p>&nbsp;</p>\r\n<p>&nbsp;</p>\r\n<p style="margin-left: 130px; margin-top: -10px;">Denis Reno Basuki</p>\r\n<p style="margin-left: 115px; margin-top: -10px;">Kopka Pom NRP 77317</p>\r\n<p style="text-align: right; margin-top: -185px; margin-right: 135px;">Yang Menyerahkan</p>\r\n<p style="text-align: right; margin-right: 100px; margin-top: -10px;">Ba. Senjata Staf Pushidrosal</p>\r\n<p style="text-align: right; margin-right: 100px; margin-top: -10px;">&nbsp;</p>\r\n<p style="text-align: right;">&nbsp;</p>\r\n<p style="text-align: right;">&nbsp;</p>\r\n<p style="text-align: right; margin-right: 155px; margin-top: -10px;">Johan Syah</p>\r\n<p style="text-align: right; margin-right: 125px; margin-top: -10px;">Peltu Saa NRP 82122</p>\r\n<p style="text-align: center;">Mengetahui</p>\r\n<p style="text-align: center; margin-top: -10px;">a.n Kepala Pushidrosal</p>\r\n<p style="text-align: center; margin-top: -10px;">Waka</p>\r\n<p style="text-align: center; margin-top: -10px;">U.b</p>\r\n<p style="text-align: center; margin-top: -10px;">PgS. Dandenma,</p>\r\n<p style="text-align: center; margin-top: -10px;">&nbsp;</p>\r\n<p style="text-align: center; margin-top: -10px;">&nbsp;</p>\r\n<p style="text-align: center; margin-top: -10px;">&nbsp;</p>\r\n<p style="text-align: center; margin-top: -10px;">&nbsp;</p>\r\n<p style="text-align: center; margin-top: -10px;">Yunus Tandepadang, S. SiT</p>\r\n<p style="text-align: center; margin-top: -10px;">Mayor Laut (T) NRP 15606/P</p>
13	SURAT PENGANTAR	<p>TENTARA NASIONAL INDONESIA ANGKATAN LAUT<br />&nbsp; &nbsp; &nbsp;PUSAT HIDROGRAFI DAN OSEANOGRAFI</p>\r\n<hr style="width: 360px; float: left; margin-top: -10px;" />\r\n<p style="text-align: right;">Jakarta,&nbsp; &nbsp; &nbsp; &nbsp; &nbsp; &nbsp; &nbsp; &nbsp; &nbsp; &nbsp; &nbsp; &nbsp; &nbsp; &nbsp; &nbsp; &nbsp; &nbsp; &nbsp; &nbsp; &nbsp; &nbsp; &nbsp; &nbsp; &nbsp; &nbsp;&nbsp;</p>\r\n<table style="height: 31px; width: 100%; border-collapse: collapse; border-color: transparent;" border="1">\r\n<tbody>\r\n<tr style="height: 18px;">\r\n<td style="width: 16.9561%; height: 18px;">Nomor</td>\r\n<td style="width: 41.3382%; height: 18px;">:</td>\r\n<td style="width: 6.46791%; height: 18px;">&nbsp;</td>\r\n<td style="width: 35.2377%; height: 18px;">Kepada</td>\r\n</tr>\r\n<tr style="height: 13px;">\r\n<td style="width: 16.9561%; height: 13px;">Klasifikasi</td>\r\n<td style="width: 41.3382%; height: 13px;">:</td>\r\n<td style="width: 6.46791%; height: 13px;">Yth&nbsp;</td>\r\n<td style="width: 35.2377%; height: 13px;">Ketua Departement Teknik Geodesi FT-UGM</td>\r\n</tr>\r\n<tr style="height: 126px;">\r\n<td style="width: 16.9561%; height: 126px;">&nbsp;</td>\r\n<td style="width: 41.3382%; height: 126px;">&nbsp;</td>\r\n<td style="width: 6.46791%; height: 126px;">&nbsp;</td>\r\n<td style="width: 35.2377%; height: 126px;"><br />di<br /><br /><br />Tempat<br /><br /><br /></td>\r\n</tr>\r\n</tbody>\r\n</table>\r\n<p style="text-align: center;">SURAT PENGANTAR</p>\r\n<table style="border-collapse: collapse; width: 100%;" border="1">\r\n<tbody>\r\n<tr style="height: 18px;">\r\n<td style="width: 8.18099%; text-align: center; height: 18px;">NO</td>\r\n<td style="width: 31.2157%; text-align: center; height: 18px;">ISI</td>\r\n<td style="width: 35.6033%; text-align: center; height: 18px;">BANYAKNYA</td>\r\n<td style="width: 25%; text-align: center; height: 18px;">KETERANGAN</td>\r\n</tr>\r\n<tr style="height: 36px;">\r\n<td style="width: 8.18099%; height: 36px;">&nbsp;</td>\r\n<td style="width: 31.2157%; height: 36px;">&nbsp;</td>\r\n<td style="width: 35.6033%; height: 36px;">&nbsp;</td>\r\n<td style="width: 25%; height: 36px;">&nbsp;</td>\r\n</tr>\r\n<tr style="height: 57px;">\r\n<td style="width: 8.18099%; height: 57px;">&nbsp;</td>\r\n<td style="width: 31.2157%; height: 57px;">&nbsp;</td>\r\n<td style="width: 35.6033%; height: 57px;">&nbsp;</td>\r\n<td style="width: 25%; height: 57px;">&nbsp;</td>\r\n</tr>\r\n</tbody>\r\n</table>\r\n<p>&nbsp;</p>\r\n<table style="width: 100%; border-collapse: collapse; border-color: transparent;" border="1">\r\n<tbody>\r\n<tr>\r\n<td style="width: 50%; text-align: center;">&nbsp;</td>\r\n<td style="width: 50%; text-align: center;">a.n Kepala Pushidrosal<br />Waka<br />u.b<br />Kasetum<br /><br /><br /><br /><br />Name</td>\r\n</tr>\r\n</tbody>\r\n</table>\r\n<p>&nbsp;</p>\r\n<p>Tembusan</p>
6	SURAT PERINTAH	<p style="text-align: left;">TENTARA NASIONAL INDONESIA ANGKATAN LAUT</p>\r\n<p style="text-align: left; margin-top: -10px;">&nbsp;&nbsp;&nbsp;&nbsp; PUSAT HIDROGRAFI DAN OSEANOGRAFI&nbsp;&nbsp;&nbsp;&nbsp;&nbsp;&nbsp;&nbsp;</p>\r\n<hr style="width: 360px; float: left; margin-top: -10px;" />\r\n<pre>&nbsp;</pre>\r\n<p>&nbsp;</p>\r\n<p style="text-align: center;"><span class="example2">SURAT PERINTAH</span></p>\r\n<p style="text-align: center; margin-top: -10px;"><span class="example2">Nomor :</span></p>\r\n<p style="text-align: justify;">Menimbang : <span style="margin-left: 30px;">bahwa dalam rangka pencegahan dan penanggulangan bahaya Narkoba di</span></p>\r\n<p style="text-align: justify;"><span style="margin-left: 100px; margin-right: -10px;">lingkungan Pushidrosal, perlu dikeluarkan surat perintah.</span></p>\r\n<p style="text-align: justify;">Dasar&nbsp;&nbsp;&nbsp;&nbsp;&nbsp;&nbsp;&nbsp;&nbsp; : <span style="margin-left: 30px;">Telegram Kasal Nomor 249/SPER/1117 TWU 1114.1040 tentang Pembinaaan </span></p>\r\n<p style="text-align: justify;"><span style="margin-left: 100px;">Personel khususnya Bintal Prajurit TNI AL guna mencegah terjadinya Degradasi Moral,</span></p>\r\n<p style="text-align: justify;"><span style="margin-left: 100px;">Disiplin Dalam Kedinasan Maupun Kehidupan Bermasyarakat Serta Penyalahgunaan</span></p>\r\n<p style="text-align: justify;"><span style="margin-left: 100px;"> Narkoba.</span></p>\r\n<p style="text-align: center; margin-top: -20px;">DIPERINTAHKAN</p>\r\n<p style="text-align: justify;">Kepada&nbsp;&nbsp;&nbsp;&nbsp;&nbsp;&nbsp; : <span style="margin-left: 30px;">Kolonel Laut (E) Yanuar Handwioro NRP 9306/P, Dirpamkersamtas Pushidrosal</span></p>\r\n<p style="text-align: justify;"><span style="margin-left: 100px;">beserta sepuluh orang sesuai daftar lampiran.</span></p>\r\n<p style="text-align: justify;">Untuk&nbsp;&nbsp;&nbsp;&nbsp;&nbsp;&nbsp;&nbsp;&nbsp; : 1. Seterimanya surat perintah ini, disamping tugas dan tanggung jawab jabatan yang</p>\r\n<p style="text-align: justify;"><span style="margin-left: 100px;">ada ditunjuk sebagai tim pemeriksa dugaan penyalahgunaan Narkoba di lingkungan</span></p>\r\n<p style="text-align: justify;"><span style="margin-left: 100px;">Pushidrosal;</span></p>\r\n<p style="margin-left: 100px; text-align: justify;">2. Surat perintah ini berlaku sejak tanggal dikeluarkan; dan</p>\r\n<p style="margin-left: 100px; text-align: justify;">3. Melaksanakan perintah ini dengan penuh rasa tanggung jawab.</p>\r\n<p style="text-align: left;">Selesai</p>\r\n<table style="border-collapse: collapse; width: 60%;" border="1">\r\n<tbody>\r\n<tr style="height: 18px;">\r\n<td style="width: 1.46356%; text-align: center; height: 18px;">NO</td>\r\n<td style="width: 5.37634%; text-align: center; height: 18px;">JABATAN</td>\r\n<td style="width: 3.7094%; text-align: center; height: 18px;">PARAF</td>\r\n<td style="width: 5.96801%; text-align: center; height: 18px;">TANGGAL</td>\r\n</tr>\r\n<tr style="height: 18px;">\r\n<td style="width: 1.46356%; text-align: center; height: 18px;">1</td>\r\n<td style="width: 5.37634%; height: 18px; text-align: left;">Dirpamkersamtas</td>\r\n<td style="width: 3.7094%; height: 18px;">&nbsp;</td>\r\n<td style="width: 5.96801%; height: 18px;">&nbsp;</td>\r\n</tr>\r\n<tr style="height: 18px;">\r\n<td style="width: 1.46356%; height: 18px; text-align: center;">2</td>\r\n<td style="width: 5.37634%; height: 18px; text-align: left;">Dirpers</td>\r\n<td style="width: 3.7094%; height: 18px;">&nbsp;</td>\r\n<td style="width: 5.96801%; height: 18px;">&nbsp;</td>\r\n</tr>\r\n<tr style="height: 18px;">\r\n<td style="width: 1.46356%; height: 18px; text-align: center;">3</td>\r\n<td style="width: 5.37634%; height: 18px; text-align: left;">Kadispam</td>\r\n<td style="width: 3.7094%; height: 18px;">&nbsp;</td>\r\n<td style="width: 5.96801%; height: 18px;">&nbsp;</td>\r\n</tr>\r\n<tr style="height: 18px;">\r\n<td style="width: 1.46356%; height: 18px; text-align: center;">4</td>\r\n<td style="width: 5.37634%; height: 18px; text-align: left;">Kadisminpers</td>\r\n<td style="width: 3.7094%; height: 18px;">&nbsp;</td>\r\n<td style="width: 5.96801%; height: 18px;">&nbsp;</td>\r\n</tr>\r\n<tr style="height: 18px;">\r\n<td style="width: 1.46356%; height: 18px; text-align: center;">5</td>\r\n<td style="width: 5.37634%; height: 18px; text-align: left;">Kasetum</td>\r\n<td style="width: 3.7094%; height: 18px;">&nbsp;</td>\r\n<td style="width: 5.96801%; height: 18px;">&nbsp;</td>\r\n</tr>\r\n</tbody>\r\n</table>\r\n<p style="text-align: right; margin-top: -150px; margin-right: 82px;">Dikeluarkan di Jakarta</p>\r\n<p style="text-align: right; margin-right: 35px; margin-top: -10px;">Pada tanggal 2 Januari 2017</p>\r\n<hr style="width: 200px; float: right; margin-top: -10px; margin-right: 35px;" />\r\n<p style="text-align: right; margin-right: 70px;">a.n Kapushidrosal</p>\r\n<p style="text-align: right; margin-right: 110px;">Waka,</p>\r\n<p style="text-align: right;">&nbsp;</p>\r\n<p style="text-align: right;">&nbsp;</p>\r\n<p style="text-align: right; margin-right: 105px; margin-top: -10px;">Trismadi</p>\r\n<p style="text-align: right; margin-right: 50px; margin-top: -10px;">Laksamana Pertama TNI</p>\r\n<p style="margin-right: 50px; margin-top: -70px; text-align: left;">Tembusan :</p>\r\n<p style="margin-right: 50px; margin-top: -10px; text-align: left;">1. Kapushidrosal</p>\r\n<p style="margin-right: 50px; margin-top: -10px; text-align: left;">2. Ir Kapushidrosal</p>\r\n<p style="margin-right: 50px; margin-top: -10px; text-align: left;">3. Dirpers Pushidrosal</p>\r\n<p style="margin-right: 50px; margin-top: -10px; text-align: left;">4. Dansatsurvei Pushidrosal</p>\r\n<p style="margin-right: 50px; margin-top: -10px; text-align: left;">5. Kadisminpers Pushidrosal</p>\r\n<p style="margin-right: 50px; margin-top: -10px; text-align: left;">6. Dandenma Pushidrosal</p>
10	SURAT KETERANGAN	<p>TENTARA NASIONAL INDONESIA ANGKATAN LAUT<br />&nbsp; &nbsp; PUSAT HIDROGRASI DAN OSEANOGRAFI</p>\r\n<hr style="width: 360px; float: left; margin-top: -10px;" />\r\n<p>&nbsp;</p>\r\n<p style="text-align: center;">SURAT KETERANGAN<br />Nomor SK/09/III/2017</p>\r\n<p style="text-align: left;">&nbsp;</p>\r\n<p style="text-align: justify;">&nbsp; &nbsp; &nbsp; &nbsp; &nbsp; &nbsp;Bersama ini selaku Pemimpin Pusat Hidrografi dan Oseanografi TNI AL (PUSHIDROSAL) dengan ini menerangkan bahwa Mahasiswa Prakterk Kerja Lapangan (PKL)/Magang atas nama:</p>\r\n<table style="height: 145px; width: 100%; border-collapse: collapse; border-color: transparent;" border="1">\r\n<tbody>\r\n<tr style="height: 31px;">\r\n<td style="width: 13.5903%; height: 31px;">&nbsp;</td>\r\n<td style="width: 20.1324%; height: 31px;">Nama</td>\r\n<td style="width: 66.2772%; height: 31px;">:</td>\r\n</tr>\r\n<tr style="height: 28px;">\r\n<td style="width: 13.5903%; height: 28px;">&nbsp;</td>\r\n<td style="width: 20.1324%; height: 28px;">N I M</td>\r\n<td style="width: 66.2772%; height: 28px;">:</td>\r\n</tr>\r\n<tr style="height: 29px;">\r\n<td style="width: 13.5903%; height: 29px;">&nbsp;</td>\r\n<td style="width: 20.1324%; height: 29px;">Fakultas</td>\r\n<td style="width: 66.2772%; height: 29px;">:</td>\r\n</tr>\r\n<tr style="height: 27px;">\r\n<td style="width: 13.5903%; height: 27px;">&nbsp;</td>\r\n<td style="width: 20.1324%; height: 27px;">Jurusan</td>\r\n<td style="width: 66.2772%; height: 27px;">:</td>\r\n</tr>\r\n<tr style="height: 30px;">\r\n<td style="width: 13.5903%; height: 30px;">&nbsp;</td>\r\n<td style="width: 20.1324%; height: 30px;">Universitas</td>\r\n<td style="width: 66.2772%; height: 30px;">:</td>\r\n</tr>\r\n</tbody>\r\n</table>\r\n<p>&nbsp;</p>\r\n<p style="text-align: justify;">&nbsp; &nbsp; &nbsp; Benar telah melaksanakan Praktek kerja / Magang di Dishidro Pushidrosal sejak tanggal 24 Februari - 30 Maret 2017, dengan Kajian "Pengolahan Data Pasang Surut di Perairan Waingapu, Nusa Tenggara Timur dengan Metode Admiralty di Pushidrosal di Pushidrosal TNI</p>\r\n<p style="text-align: justify;">&nbsp; &nbsp; &nbsp; &nbsp; &nbsp; &nbsp;Demikian Surat keterangan ini dibuat dengan sebenarnya, agar dapat dipergunakan sebagaimana mestinya&nbsp;</p>\r\n<p style="text-align: justify;">&nbsp;</p>\r\n<table style="width: 100%; border-collapse: collapse; border-color: transparent;" border="1">\r\n<tbody>\r\n<tr>\r\n<td style="width: 50%;">&nbsp;</td>\r\n<td style="width: 50%;">\r\n<p style="text-align: center;">Jakarta,&nbsp; &nbsp; &nbsp;Maret 2017</p>\r\n<p style="text-align: center;">a.n Kepala Pushidrosal<br />Waka<br />u.b<br />Kasetum,<br /><br /><br /><br /><br />Name<br />Jabatan</p>\r\n</td>\r\n</tr>\r\n</tbody>\r\n</table>
8	SURAT PERJANJIAN KERJASAMA	<p style="text-align: center;"><strong>KONTRAK PERJANJIAN KERJA ANTARA </strong><br /> <strong>PT BUMI KAWIT NUSANTARA</strong></p>\r\n<p style="text-align: center;"><strong>DAN</strong></p>\r\n<p style="text-align: center;"><strong>DINAS HIDRO-OSEANOGRAFI ANGKATAN &nbsp;LAUT </strong><br /> <strong>(DISHIDROS)</strong></p>\r\n<p style="text-align: center;">&nbsp;</p>\r\n<p style="text-align: center;">Tentang</p>\r\n<p style="text-align: center;">&nbsp;</p>\r\n<p style="text-align: center;"><strong>VERIFIKASI DATA DAN REVISI PETALAUT &nbsp;INDONESIA NOMOR 63 </strong><br /> <strong>JARINGAN INTERKONEKSI SISTEM KELISTRIKAN <br /> DI SELAT LEPAR DARI PULAU BANGKA &nbsp;- &nbsp;PULAU LEPAR </strong><br /> <strong>PROPINSI KEPULAUAN BANGKA BELITUNG MILIK PT. PLN (PERSERO)</strong></p>\r\n<p style="text-align: center;">&nbsp;</p>\r\n<p style="text-align: center;">Nomor :</p>\r\n<p>&nbsp;</p>\r\n<p>Pada &nbsp;hari &nbsp;ini,&nbsp;&nbsp; &nbsp; &nbsp; &nbsp; &nbsp; &nbsp; &nbsp; &nbsp; &nbsp; tanggal <em>&nbsp; &nbsp; &nbsp; &nbsp; &nbsp; &nbsp;&nbsp; </em>bulan&nbsp;&nbsp; &nbsp; &nbsp; &nbsp;&nbsp;tahun &nbsp;Dua &nbsp;ribu&nbsp; delapan belas ( &nbsp; -&nbsp;&nbsp; - 2018) di Jakarta, kami yang bertanda tangan di bawah ini :</p>\r\n<ol>\r\n<li style="text-align: justify;"><strong>PT BUMI &nbsp;KAWIT &nbsp;NUSANTARA</strong>, Perusahaan Swasta yang beralamat di Jalan Jatinegara Timur II Nomor 35c Jakarta Timur 13350 dalam hal ini diwakili oleh <strong>ENDRO BUDI AP</strong> selaku <strong>DIREKTUR UTAMA</strong> dalam hal ini bertindak untuk dan atas nama <strong>PT BUMI KAWIT NUSANTARA</strong>, selanjutnya dalam &nbsp;Kontrak &nbsp;ini &nbsp;disebut <strong>PIHAK PERTAMA</strong>;</li>\r\n<li style="text-align: justify;"><strong>DINAS HIDRO-OSEANOGRAFI ANGKATAN LAUT (DISHIDROS)</strong>, beralamat di Jalan Pantai Kuta V No.1 Ancol Timur Jakarta Utara 14430, dalarn hal ini diwakili oleh <strong>DEDE YULIADI, M.Sc., LAKSAMANA &nbsp;PERTAMA TNI </strong>selaku <strong>KEPALA&nbsp; DISHIDROS</strong>, dalam &nbsp;hal &nbsp;ini bertindak untuk dan&nbsp; atas &nbsp;nama &nbsp;Instansi tersebut diatas, &nbsp;selanjutnya dalam Kontrak ini disebut <strong>PIHAK KEDUA</strong>.</li>\r\n</ol>\r\n<p><strong>PIHAK PERTAMA</strong> dan <strong>PIHAK KEDUA</strong> secara bersama-sama untuk selanjutnya disebut <strong>PARA PIHAK</strong>.</p>\r\n<p><strong>PARA &nbsp;PIHAK</strong> &nbsp;dengan &nbsp;ini menerangkan &nbsp;terlebih &nbsp;dahulu &nbsp;sebagai &nbsp;berikut:</p>\r\n<ol>\r\n<li style="text-align: justify;">Bahwa terkait dengan rencana Verifikasi Data dan Revisi Peta Laut Indonesia Nomor 63 oleh <strong> BUMI KAWIT NUSANTARA </strong>dalam pekerjaan Jaringan Interkoneksi Sistem Kelistrikan <strong>PT. PLN (PERSERO) </strong>Di Selat Lepar dari Sadai pulau Bangka menuju Penutuk pulau Lepar propinsi Bangka Belitung pada Peta Laut Indonesia. Dishidros akan menindaklanjuti&nbsp;rencana tersebut dengan &nbsp;kegiatan &nbsp;Pengolahan Data dan Pembuatan &nbsp;Peta Laut yang disetujui &nbsp;bersama &nbsp;yaitu pada revisi Peta Laut Indonesia &nbsp;nomor 63.</li>\r\n</ol>\r\n<ol start="2">\r\n<li style="text-align: justify;">Bahwa dalam penyusunan Kontrak Perjanjian Kerja ini <strong>PARA PIHAK</strong> mempertimbangkan Surat Permohonan Pendaftaran atau Pencantuman posisi pekerjaan jaringan Interkoneksi Sistem Kelistrikan <strong>PLN (PERSERO)</strong> Di selat Lepar dari Sadai pulau Bangka menuju Penutuk pulau Lepar propinsi Bangka Belitung dalam Peta Laut Indonesia. Sehubungan dengan &nbsp;hal tersebut &nbsp;di atas dan&nbsp; sesuai dengan kewenangan jabatan &nbsp;yang melekat pada <strong>PARA &nbsp;PIHAK</strong>, &nbsp;<strong>PARA &nbsp;PIHAK</strong> sepakat&nbsp; untuk mengadakan Kontrak Perjanjian Kerja Pengolahan Data dan Pembuatan Peta Laut (selanjutnya disebut sebagai "Kontrak") &nbsp;dengan syarat-syarat dan ketentuan - ketentuan sebagaimana diatur dalam pasal - pasal sebagai berikut:<br /><strong><br /></strong></li>\r\n</ol>\r\n<p style="text-align: center;"><strong>Pasal I</strong><br /> <strong>RUANG LlNGKUP</strong></p>\r\n<ol>\r\n<li>Ruang lingkup pekerjaan dalam Kontrak ini adalah sebaqai berikut:</li>\r\n<li style="text-align: justify;">Pengolahan Data hasil Verifikasi data PT.BUMI KAWIT NUSANTARA pada kegiatan pekerjaan jaringan Interkoneksi Sistem Kelistrikan PT. PLN (PERSERO) di selat Lepar dari&nbsp; Sadai pulau Bangka menuju Penutuk pulau Lepar propinsi Bangka Belitung.</li>\r\n<li style="text-align: justify;">Pembuatan &nbsp;Lembar &nbsp;Lukis&nbsp; Teliti &nbsp;hasil &nbsp;Pengolahan &nbsp;Data Verifikasi &nbsp;PT. BUMI KAWIT NUSANTARA di selat Lepar dari Sadai pulau 8angka menuju Penutuk pulau Lepar propinsi Bangka Belitung.</li>\r\n<li>Pembuatan revisi Peta Laut Indonesia Nomor 63.</li>\r\n</ol>\r\n<p>Selanjutnya secara keseluruhan disebut sebagai <strong>"Pekerjaan".</strong></p>\r\n<p style="text-align: justify;"><strong>PARA PIHAK</strong> sepakat bahwa kerjasama yang dilakukan bertujuan untuk mendapatkan hasil akhir Pekerjaan berupa Lembar Lukis Teliti hasil Verifikasi Data PT.BUMI KAWIT NUSANTARA di selat Lepar dari Sadai pulau Bangka menuju Penutuk pulau Lepar propinsi 8angka Belitung dan Peta Laut Indonesia Nomor 63.</p>\r\n<p style="text-align: justify;">&nbsp;</p>\r\n<p style="text-align: center;"><strong>Pasal 2</strong><br /> <strong>JANGKA WAKTU PELAKSANAAN<br /><br /></strong></p>\r\n<ol>\r\n<li>Jangka waktu pelaksanaan Pengolahan Data dan Pembuatan Peta, terdiri dari:<br /><br />a. Tahap Perencanaan dan Persiapan selama 10 (sepuluh) hari kerja.<br />b. Tahap Verifikasi Data selama 15 (lima belas) hari kerja.<br />c. Tahap Pembuatan Peta selama 30 (tiga puluh) hari kerja.<br /><br /></li>\r\n<li>Pelaksanaan Pekerjaan sebagaimana dimaksud pada ayat 1 di atas akan dimulai paling lambat 5 (lima) hari kerja terhitung sejak tanggal diterimanya pembayaran tahap pertama oleh PIHAK KEDUA sebagaimana dijelaskan Pasal 7 ayat 2.a. dari Kontrak ini.&nbsp;</li>\r\n</ol>\r\n<p>&nbsp;</p>\r\n<p style="text-align: center;"><strong>Pasal 3<br /></strong><strong>HAK DAN KEWAJIBAN PIHAK PERTAMA</strong></p>\r\n<p>&nbsp;</p>\r\n<ol>\r\n<li><strong>PIHAK PERTAMA </strong>berhak menerima hasil pekerjaan dari <strong>PIHAK KEDUA </strong>berupa:</li>\r\n</ol>\r\n<ol style="list-style-type: lower-alpha;">\r\n<li>Lembar Lukis Teliti yang menggambarkan kondisi hasil Verifikasi Data di selat Lepar dari Sadai pulau Bangka menuju Penutuk pulau Lepar Bangka Belitung sebanyak 2 (dua) lembar.</li>\r\n<li>Peta Laut Indonesia Nomor 63 hasil revisi sebanyak 100 (seratus) lembar.</li>\r\n</ol>\r\n<ol start="2">\r\n<li><strong>PIHAK PERTAMA </strong>berkewajiban:</li>\r\n</ol>\r\n<ol style="list-style-type: lower-alpha;">\r\n<li>Membayar kepada <strong>PIHAK KEDUA </strong>biaya Pekerjaan sesuai denqan tahapan pembayaran sebagaimana dijelaskan pada Pasal 7 dari Kontrak ini;</li>\r\n</ol>\r\n<p style="text-align: justify;">&nbsp;</p>\r\n<p style="text-align: center;"><strong>Pasal &nbsp;4<br /></strong><strong>HAK DAN KEWAJIBAN PIHAK KEDUA</strong></p>\r\n<p style="text-align: center;">&nbsp;</p>\r\n<ol>\r\n<li><strong>PIHAK KEDUA </strong>berhak menerima pembayaran atas pelaksanaan Pekerjaan sesuai dengan nilai yang tercantum pada Pasal 7 dari Kontrak ini.<br /><br /></li>\r\n<li><strong>PIHAK KEDUA </strong>berkewajiban:<br /><br />\r\n<table style="width: 100%; border-collapse: collapse; border-color: transparent;" border="1">\r\n<tbody>\r\n<tr>\r\n<td style="width: 2.88858%; border-color: transparent; vertical-align: top;">a.</td>\r\n<td style="width: 96.9739%; vertical-align: top; border-color: transparent;">Menyerahkan hasil Pekerjaan sebagaimana dimaksud dalam Pasal 3 ayat 1 dari Kontrak ini, yaitu berupa:</td>\r\n</tr>\r\n<tr>\r\n<td style="width: 2.88858%; border-color: transparent; vertical-align: top;">&nbsp;</td>\r\n<td style="width: 96.9739%; vertical-align: top; border-color: transparent;">\r\n<table style="height: 108px; width: 100%; border-collapse: collapse; border-color: transparent;" border="1">\r\n<tbody>\r\n<tr style="height: 54px; border-color: transparent;">\r\n<td style="width: 3.7037%; vertical-align: top; border-color: transparent; height: 54px;">1)</td>\r\n<td style="width: 96.2963%; vertical-align: top; border-color: transparent; height: 54px;">Lembar Lukis Teliti yang menggambarkan kondisi hasil Verifikasi Data di selat Lepar dari Sadai pulau Bangka menuju Penutuk pulau Lepar Bangka Belitung sebanyak 2 (dua) lembar, paling lambat 30 (tiga puluh) hari kerja setelah pelaksanaan Pengolahan Data selesai dilakukan.</td>\r\n</tr>\r\n<tr style="height: 54px;">\r\n<td style="width: 3.7037%; vertical-align: top; border-color: transparent; height: 54px;">2)</td>\r\n<td style="width: 96.2963%; vertical-align: top; border-color: transparent; height: 54px;">Peta &nbsp;Laut &nbsp;Indonesia &nbsp;Nomor &nbsp;63 &nbsp;hasil &nbsp;revisi &nbsp;sebanyak &nbsp;100 &nbsp;(seratus) lembar, paling lambat 30 (tiga puluh) hari kerja setelah hasil pekerjaan 1 <em>s/d </em>3) diserahkan kepada <strong>PIHAK PERTAMA.</strong></td>\r\n</tr>\r\n</tbody>\r\n</table>\r\n</td>\r\n</tr>\r\n</tbody>\r\n</table>\r\n</li>\r\n</ol>\r\n<p style="text-align: center;"><strong><br />Pasal 5<br /></strong><strong>TANGGUNG JAWAB HUKUM DAN GANTI RUGI</strong></p>\r\n<p><strong>&nbsp;</strong></p>\r\n<table style="width: 771px; border-color: transparent;">\r\n<tbody>\r\n<tr>\r\n<td style="width: 40px; border-color: transparent;" width="36">\r\n<p><strong>1.</strong></p>\r\n</td>\r\n<td style="width: 731px; border-color: transparent;" colspan="2" width="581">\r\n<p><strong>Perlindungan PIHAK PERTAMA</strong></p>\r\n</td>\r\n</tr>\r\n<tr>\r\n<td style="width: 40px; border-color: transparent;" width="36">\r\n<p><strong>&nbsp;</strong></p>\r\n</td>\r\n<td style="width: 32px; border-color: transparent; vertical-align: top;" width="28">\r\n<p><strong>a.</strong></p>\r\n</td>\r\n<td style="width: 699px; border-color: transparent; vertical-align: top;" width="552">\r\n<p><strong>Harta Benda</strong></p>\r\n<p><strong>PIHAK PERTAMA </strong>wajib melindungi, melepaskan, membela, mengganti rugi dan membebaskan PIHAK KEDUA termasuk tanggung jawab atas biaya pengadilan dan biaya pengacara, dalam setiap dan semua kasus yang berkaitan dengan kerusakan pada atau hilangnya harta benda yang termasuk peralatan dan perlengkapan milik PIHAK PERTAMA, kontraktornya dan para pekerjanya yang &nbsp;timbul secara langsung atau tidak langsung dari atau berkaitan dengan kegiatan &nbsp;yang dilaksanakan berdasarkan Kontrak &nbsp;ini.</p>\r\n</td>\r\n</tr>\r\n<tr>\r\n<td style="width: 40px; border-color: transparent;" width="36">\r\n<p><strong>&nbsp;</strong></p>\r\n</td>\r\n<td style="width: 32px; border-color: transparent; vertical-align: top;" width="28">\r\n<p><strong>b.</strong></p>\r\n</td>\r\n<td style="width: 699px; border-color: transparent; vertical-align: top;" width="552">\r\n<p><strong>Personel</strong></p>\r\n<p>PIHAK PERTAMA wajib melindungi, melepaskan, membela, mengganti rugi dan &nbsp;membebaskan&nbsp; &nbsp;PIHAK &nbsp;KEDUA &nbsp;dan &nbsp;para &nbsp;personelnya,&nbsp; &nbsp;termasuk &nbsp;tanggung jawab atas biaya pengadilan dan &nbsp;biaya &nbsp;pengacara, dalam setiap dan semua kasus &nbsp;atas &nbsp;cedera, &nbsp;keadaan sakit, timbulnya penyakit, atau kematian pekerja PIHAK PERTAMA atau pekerja kontraktornya yang timbul secara langsung atau tidak langsung dari atau berkaitan dengan kegiatan yang dilaksanakan berdasarkan Kontrak ini.</p>\r\n</td>\r\n</tr>\r\n</tbody>\r\n</table>\r\n<p>&nbsp;</p>\r\n<table style="width: 771px; border-color: transparent;">\r\n<tbody>\r\n<tr>\r\n<td style="width: 39.0333px; border-color: transparent;">\r\n<p><strong>2.</strong></p>\r\n</td>\r\n<td style="width: 715.967px; border-color: transparent;" colspan="2">\r\n<p><strong>Perlindungan PIHAK KEDUA</strong></p>\r\n</td>\r\n</tr>\r\n<tr>\r\n<td style="width: 39.0333px; border-color: transparent;">\r\n<p><strong>&nbsp;</strong></p>\r\n</td>\r\n<td style="width: 31.3px; border-color: transparent; vertical-align: top;">\r\n<p>a.</p>\r\n</td>\r\n<td style="width: 678.667px; border-color: transparent; vertical-align: top;">\r\n<p>Harta Benda<br />PIHAK KEDUA wajib melindungi, melepaskan, membela, mengganti rugi dan membebaskan PIHAK PERTAMA termasuk tanggung jawab atas biaya pengadilan dan biaya pengacara, dalam setiap dan semua kasus yang berkaitan dengan&nbsp; kerusakan pada atau hilangnya harta benda yang termasuk peralatan dan&nbsp; perlengkapan milik PIHAK KEDUA dan para personel PIHAK KEDUA, yang&nbsp; timbul secara langsung atau tidak langsung dari atau berkaitan dengan kegiatan&nbsp; yang dilaksanakan berdasarkan berdasarkan Kontrak ini</p>\r\n</td>\r\n</tr>\r\n<tr>\r\n<td style="width: 39.0333px; border-color: transparent;">\r\n<p><strong>&nbsp;</strong></p>\r\n</td>\r\n<td style="width: 31.3px; border-color: transparent; vertical-align: top;">\r\n<p>b.</p>\r\n</td>\r\n<td style="width: 678.667px; border-color: transparent; vertical-align: top;">\r\n<p>Personel<br />PIHAK KEDUA wajib melindungi, melepaskan, membela, mengganti rugi dan membebaskan PIHAK PERTAMA termasuk tanggungjawab atas biaya pengadilan dan biaya pengacara, dalam setiap dan semua kasus yang berkaitan dengan cedera, keadaan sakit, timbulnya&nbsp;penyakit,&nbsp;atau kematian personel PIHAK KEDUA yang&nbsp;timbul secara langsung atau tidak langsung dari atau berkaitan dengan kegiatan yang dilaksanakan berdasarkan Kontrak &nbsp;ini.</p>\r\n</td>\r\n</tr>\r\n</tbody>\r\n</table>\r\n<table style="width: 771px; border-color: transparent;">\r\n<tbody>\r\n<tr>\r\n<td style="width: 39.1333px; border-color: transparent;">\r\n<p><strong>3.</strong></p>\r\n</td>\r\n<td style="width: 715.867px; border-color: transparent;" colspan="2">\r\n<p><strong>Perlindungan Terhadap Kerugian Tidak Langsung</strong></p>\r\n</td>\r\n</tr>\r\n<tr>\r\n<td style="width: 39.1333px; border-color: transparent;">\r\n<p><strong>&nbsp;</strong></p>\r\n</td>\r\n<td style="width: 31.3833px; border-color: transparent; vertical-align: top;">\r\n<p>a.</p>\r\n</td>\r\n<td style="width: 678.483px; border-color: transparent; vertical-align: top;">\r\n<p>Baik PIHAK PERTAMA maupun PIHAK KEDUA tidak bertanggung jawab terhadap pihak lainnya atas kerugian (consequential loss), termasuk namun atau&nbsp;&nbsp;&nbsp; kerusakan tidak langsung tidak terbatas pada kehilangan keuntungan atau hasil,&nbsp;&nbsp; interupsi penggunaan fasilitas, atau interupsi penggunaan peralatan, yang dialami pihak lain tersebut.</p>\r\n</td>\r\n</tr>\r\n<tr>\r\n<td style="width: 39.1333px; border-color: transparent;">\r\n<p><strong>&nbsp;</strong></p>\r\n</td>\r\n<td style="width: 31.3833px; border-color: transparent; vertical-align: top;">\r\n<p>b.</p>\r\n</td>\r\n<td style="width: 678.483px; border-color: transparent; vertical-align: top;">\r\n<p>PIHAK yang memberi perlindungan akan bertanggung jawab atas dan melepaskan PIHAK lainnya dari setiap kerugian keuangan atau ekonomi serta tuntutan&nbsp; ganti&nbsp;rugi yang timbul dengan cara apapun secara langsung atau tidak langsung&nbsp; dari kejadian &nbsp;yang disebut &nbsp;pada &nbsp;Pasal 5 ayat a. di atas</p>\r\n</td>\r\n</tr>\r\n</tbody>\r\n</table>\r\n<table style="width: 771px; border-color: transparent;">\r\n<tbody>\r\n<tr>\r\n<td style="width: 40px; border-color: transparent;" width="36">\r\n<p><strong>4.</strong></p>\r\n</td>\r\n<td style="width: 731px; border-color: transparent;" width="581">\r\n<p><strong>Pemberitahuan Klaim</strong></p>\r\n</td>\r\n</tr>\r\n<tr>\r\n<td style="width: 40px; border-color: transparent;" width="36">\r\n<p><strong>&nbsp;</strong></p>\r\n</td>\r\n<td style="width: 731px; border-color: transparent;" width="581">\r\n<p>Setiap PIHAK harus segera menyampaikan pemberitahuan tertulis kepada PIHAK lain mengenai setiap klaim yang diajukan terhadap PIHAKnya yang timbul sebagai akibat&nbsp; dari atau dalam&nbsp; hubungannya dengan Kontrak ini.</p>\r\n</td>\r\n</tr>\r\n</tbody>\r\n</table>\r\n<p style="text-align: justify;">Berkaitan dengan tanggung jawab hukum dan ganti rugi berdasarkan Kontrak ini, "PIHAK PERTAMA" akan mencakup PT. BUMI KAWIT NUSANTAHA,&nbsp;mitra usaha, kontraktornya dan&nbsp; para direktur, pejabat, pekerja, kuasa, dan wakilnya, serta para pendahulu atau penggantinya.</p>\r\n<p style="text-align: justify;">&nbsp;</p>\r\n<table style="width: 764px; border-color: transparent;">\r\n<tbody>\r\n<tr>\r\n<td style="width: 770px; border-color: transparent;" colspan="2" width="616">\r\n<p style="text-align: center;"><strong>Pasal 6 <br /></strong><strong>PERWAKILAN</strong></p>\r\n</td>\r\n</tr>\r\n<tr>\r\n<td style="width: 40px; border-color: transparent; vertical-align: top;" width="36">\r\n<p>1.</p>\r\n</td>\r\n<td style="width: 730px; border-color: transparent; vertical-align: top;" width="581">\r\n<p>Perwakilan PIHAK PERTAMA yang ditunjuk untuk melakukan pemantauan Pekerjaan berdasarkan Kontrak ini adalah Direktur Utama BUMI KAWIT NUSANTARA.</p>\r\n</td>\r\n</tr>\r\n<tr>\r\n<td style="width: 40px; border-color: transparent; vertical-align: top;" width="36">\r\n<p>2.</p>\r\n</td>\r\n<td style="width: 730px; border-color: transparent; vertical-align: top;" width="581">\r\n<p>Perwakilan PIHAK KEDUA yang ditunjuk&nbsp; untuk melakukan pemantauan Pekerjaan berdasarkan Kontrak ini adalah Sub Dinas Survei DISHIDROS TNI AL.</p>\r\n</td>\r\n</tr>\r\n</tbody>\r\n</table>\r\n<table style="width: 765px; border-color: transparent;">\r\n<tbody>\r\n<tr>\r\n<td style="width: 748px; border-color: transparent;" colspan="2">\r\n<p style="text-align: center;"><strong>Pasal 7<br /></strong><strong>BIAYA DAN TATA CARA PEMBAYARAN</strong></p>\r\n</td>\r\n</tr>\r\n<tr>\r\n<td style="width: 24px; border-color: transparent; vertical-align: top;">\r\n<p>1.</p>\r\n</td>\r\n<td style="width: 724px; border-color: transparent; vertical-align: top;">\r\n<p>Biaya Pekerjaan dalam Kontrak ini adalah sebesar&nbsp;Rp. 131.750.000,- (Seratus tiga puluh satu&nbsp;juta tujuh ratus lima puluh ribu rupiah) sudah termasuk Pajak Pertambahan Nilai (PPN) 10% Rincian Biaya sesuai Lampiran Kontrak ini (selanjutnya disebut "Nilai Kontrak").</p>\r\n</td>\r\n</tr>\r\n<tr>\r\n<td style="width: 24px; border-color: transparent; vertical-align: top;">\r\n<p>2.</p>\r\n</td>\r\n<td style="width: 724px; border-color: transparent; vertical-align: top;">\r\n<p><strong>PIHAK PERTAMA</strong>&nbsp; akan membayar kepada <strong>PIHAK KEDUA</strong> biaya pelaksanaan Pekerjaan sebagaimana tercantum pada ayat 1 di atas dengan tahapan sebagai berikut:</p>\r\n</td>\r\n</tr>\r\n<tr>\r\n<td style="width: 24px; border-color: transparent;">\r\n<p>&nbsp;</p>\r\n</td>\r\n<td style="width: 724px; border-color: transparent;">\r\n<table style="width: 723px; border-color: transparent;">\r\n<tbody>\r\n<tr>\r\n<td style="width: 34px; border-color: transparent; vertical-align: top;" width="30">\r\n<p>a.</p>\r\n</td>\r\n<td style="width: 689px; border-color: transparent; vertical-align: top;" width="535">\r\n<p>Tahap Pertama<br />75% (tujuh puluh lima persen) dari Nilai Kontrak atau senilai Rp. 98.812.500,&shy;(Sembilan puluh delapan juta delapan&nbsp;ratus dua belas ribu lima ratus rupiah) akan dibayarkan oleh <strong>PIHAK PERTAMA</strong> setelah Kontrak&nbsp;ini ditandatangani oleh <strong>PARA PIHAK</strong>, paling lambat 10 (sepuluh) hari kalender setelah diterimanya Tagihan I dari <strong>PIHAK KEDUA</strong>.</p>\r\n</td>\r\n</tr>\r\n</tbody>\r\n</table>\r\n</td>\r\n</tr>\r\n<tr>\r\n<td style="width: 24px; border-color: transparent; vertical-align: top;">\r\n<p>3.</p>\r\n</td>\r\n<td style="width: 724px; border-color: transparent; vertical-align: top;">\r\n<p><strong>PIHAK PERTAMA</strong> akan melakukan setelah <strong>PIHAK KEDUA</strong> menyerahkan tagihan atau &nbsp;yang&nbsp;dilengkapi&nbsp;dengan dokumen pendukung berikut ini:</p>\r\n</td>\r\n</tr>\r\n<tr>\r\n<td style="width: 24px; border-color: transparent;">\r\n<p>&nbsp;</p>\r\n</td>\r\n<td style="width: 724px; border-color: transparent;">\r\n<table style="width: 722px; border-color: transparent;">\r\n<tbody>\r\n<tr>\r\n<td style="width: 34px; border-color: transparent;" width="30">\r\n<p>a.</p>\r\n</td>\r\n<td style="width: 688px; border-color: transparent;" width="535">\r\n<p>Kwitansi asli; dan</p>\r\n</td>\r\n</tr>\r\n<tr>\r\n<td style="width: 34px; border-color: transparent;" width="30">\r\n<p>b.</p>\r\n</td>\r\n<td style="width: 688px; border-color: transparent;" width="535">\r\n<p>Berita acara yang ditandatangani oleh <strong>PARA PIHAK</strong>; dan</p>\r\n</td>\r\n</tr>\r\n</tbody>\r\n</table>\r\n</td>\r\n</tr>\r\n<tr>\r\n<td style="width: 24px; vertical-align: top; border-color: transparent;">\r\n<p>4.</p>\r\n</td>\r\n<td style="width: 724px; vertical-align: top; border-color: transparent;">\r\n<p><strong>PIHAK PERTAMA</strong> akan melakukan pembayaran dengan cara transfer langsung ke rekening <strong>PIHAK KEDUA</strong> berikut ini:</p>\r\n<table style="width: 724px; border-color: transparent;">\r\n<tbody>\r\n<tr>\r\n<td style="width: 192px; border-color: transparent;" width="188">\r\n<p>Nama Bank</p>\r\n</td>\r\n<td style="width: 20px; border-color: transparent;" width="16">\r\n<p><strong>:</strong></p>\r\n</td>\r\n<td style="width: 512px; border-color: transparent;" width="361">\r\n<p><strong>Bank Mandiri Cabang Ancol Jakarta</strong></p>\r\n</td>\r\n</tr>\r\n<tr>\r\n<td style="width: 192px; border-color: transparent;" width="188">\r\n<p>Nomor Rekening</p>\r\n</td>\r\n<td style="width: 20px; border-color: transparent;" width="16">\r\n<p><strong>:</strong></p>\r\n</td>\r\n<td style="width: 512px; border-color: transparent;" width="361">\r\n<p>119.0001007580</p>\r\n</td>\r\n</tr>\r\n<tr>\r\n<td style="width: 192px; border-color: transparent;" width="188">\r\n<p>Nama Pemilik Rekening</p>\r\n</td>\r\n<td style="width: 20px; border-color: transparent;" width="16">\r\n<p><strong>:</strong></p>\r\n</td>\r\n<td style="width: 512px; border-color: transparent;" width="361">\r\n<p><strong>Bendaharawan PNBP Dishidros</strong></p>\r\n</td>\r\n</tr>\r\n</tbody>\r\n</table>\r\n</td>\r\n</tr>\r\n</tbody>\r\n</table>\r\n<table style="width: 768px; border-color: transparent;">\r\n<tbody>\r\n<tr>\r\n<td style="width: 758px; border-color: transparent;" colspan="2">\r\n<p style="text-align: center;"><strong>Pasal 8<br /></strong><strong>SANKSI</strong></p>\r\n</td>\r\n</tr>\r\n<tr>\r\n<td style="width: 26.1333px; vertical-align: top; border-color: transparent;">\r\n<p>1.</p>\r\n</td>\r\n<td style="width: 725.867px; vertical-align: top; border-color: transparent;">\r\n<p><strong>PIHAK KEDUA</strong> akan dikenakan denda sebesar 1<sup>0</sup>/<sub>00</sub> (satu permil) per hari sampai dengan maksimum 5% (lima persen) dari Nilai Kontrak dalam hal:</p>\r\n<table style="width: 724px; border-color: transparent;">\r\n<tbody>\r\n<tr>\r\n<td style="width: 34px; border-color: transparent; vertical-align: top;" width="30">\r\n<p>a.</p>\r\n</td>\r\n<td style="width: 690px; border-color: transparent; vertical-align: top;" width="535">\r\n<p><strong>PIHAK KEDUA</strong>&nbsp;terlambat melakukan tahapan manapun dari Pekerjaan sebagaimana dimaksud pada Pasal 3 ayat 2 Kontrak ini.</p>\r\n</td>\r\n</tr>\r\n<tr>\r\n<td style="width: 34px; border-color: transparent; vertical-align: top;" width="30">\r\n<p>b.</p>\r\n</td>\r\n<td style="width: 690px; border-color: transparent; vertical-align: top;" width="535">\r\n<p><strong>PIHAK KEDUA</strong> tidak dapat melaksanakan sebagian atau keseluruhan dari Pekerjaan sebagaimana ditetapkan dalam Kontrak ini.</p>\r\n</td>\r\n</tr>\r\n</tbody>\r\n</table>\r\n</td>\r\n</tr>\r\n<tr>\r\n<td style="width: 26.1333px; vertical-align: top; border-color: transparent;">\r\n<p>2.</p>\r\n</td>\r\n<td style="width: 725.867px; vertical-align: top; border-color: transparent;">\r\n<p>Apabila denda telah mencapai 5% (lima persen) dari Nilai Kontrak maka <strong>PIHAK PERTAMA</strong> berhak memutuskan Kontrak ini dengan pemberitahuan secara tertulis kepada <strong>PIHAK KEDUA</strong> dalam waktu 14 (empat &nbsp;belas) hari kalender sebelum tanggal efektif pemutusan</p>\r\n</td>\r\n</tr>\r\n<tr>\r\n<td style="width: 26.1333px; vertical-align: top; border-color: transparent;">\r\n<p>3.</p>\r\n</td>\r\n<td style="width: 725.867px; vertical-align: top; border-color: transparent;">\r\n<p>Dalam hal keterlambatan telah mencapai 25 (dua puluh lima) hari kalender, maka <strong>PIHAK KEDUA</strong> setuju dan memberi hak penuh kepada <strong>PIHAK &nbsp;PERTAMA</strong>&nbsp; untuk melakukan penilaian terhadap Pekerjaan <strong>PIHAK KEDUA</strong> yang telah dilaksanakan.</p>\r\n</td>\r\n</tr>\r\n<tr>\r\n<td style="width: 26.1333px; vertical-align: top; border-color: transparent;">\r\n<p>4.</p>\r\n</td>\r\n<td style="width: 725.867px; vertical-align: top; border-color: transparent;">\r\n<p>Apabila alasan keterlambatan yang diberikan <strong>PIHAK KEDUA</strong> tidak dapat diterima oleh <strong>PIHAK PERTAMA</strong>, maka <strong>PIHAK KEDUA</strong> dinyatakan tidak mampu melaksanakan Pekerjaan berdasarkan Kontrak ini dan&nbsp;<strong>PIHAK PERTAMA</strong> berhak untuk memutuskan Kontrak ini secara sepihak.</p>\r\n</td>\r\n</tr>\r\n<tr>\r\n<td style="width: 26.1333px; vertical-align: top; border-color: transparent;">\r\n<p>5.</p>\r\n</td>\r\n<td style="width: 725.867px; vertical-align: top; border-color: transparent;">\r\n<p><strong>PIHAK KEDUA</strong> hanya berhak atas biaya pelaksanaan Pekerjaan dan prestasi kerja yang telah dicapai berdasarkan penilaian <strong>PIHAK PERTAMA</strong>.</p>\r\n</td>\r\n</tr>\r\n<tr>\r\n<td style="width: 26.1333px; vertical-align: top; border-color: transparent;">\r\n<p>6.</p>\r\n</td>\r\n<td style="width: 725.867px; vertical-align: top; border-color: transparent;">\r\n<p>Denda juga akan dikenakan kepada <strong>PIHAK PERTAMA</strong> sebesar 1<sup>0</sup>/<sub>00</sub> &nbsp;(satu permil) per hari sampai dengan maksimum 5% (lima persen) dari Nilai Kontrak untuk setiap keterlambatan pembayaran kepada <strong>PIHAK KEDUA</strong> sebagaimana dimaksud dalam Pasal 7 dari Kontrak &nbsp;ini.</p>\r\n</td>\r\n</tr>\r\n</tbody>\r\n</table>\r\n<table style="width: 765px; border-color: transparent;">\r\n<tbody>\r\n<tr>\r\n<td style="width: 765px; border-color: transparent;" colspan="2" width="616">\r\n<p style="text-align: center;"><strong>Pasal 9</strong><br /><strong>KEADAAN KAHAR</strong></p>\r\n</td>\r\n</tr>\r\n<tr>\r\n<td style="width: 40px; border-color: transparent; vertical-align: top;" width="36">\r\n<p>1.</p>\r\n</td>\r\n<td style="width: 725px; border-color: transparent; vertical-align: top;" width="581">\r\n<p>Keadaan Kahar&nbsp; adalah&nbsp; setiap peristiwa atau situasi yang berada diluar kendali yang wajar dari suatu PIHAK yang menyebabkan PIHAK tersebut tidak dapat memenuhi kewajibannya berdasarkan Kontrak ini, termasuk tidak terbatas pada gempa bumi, badai dan cuaca buruk, sabotase, huru hara, pemberontakan, peraturan baru yang dikeluarkan&nbsp; oleh Pemerintah.</p>\r\n</td>\r\n</tr>\r\n<tr>\r\n<td style="width: 40px; border-color: transparent; vertical-align: top;" width="36">\r\n<p>2.</p>\r\n</td>\r\n<td style="width: 725px; border-color: transparent; vertical-align: top;" width="581">\r\n<p>Bila terjadi Keadaan Kahar, PIHAK yang terkena dampak wajib memberitahukan kepada PIHAK lainnya secara tertulis dalam waktu 2 x 24 jam sejak terjadinya Keadaan Kahar.</p>\r\n</td>\r\n</tr>\r\n<tr>\r\n<td style="width: 40px; border-color: transparent; vertical-align: top;" width="36">\r\n<p>3.</p>\r\n</td>\r\n<td style="width: 725px; border-color: transparent; vertical-align: top;" width="581">\r\n<p>Atas pemberitahuan tertulis dari PIHAK yang terkena dampak kepada Pihak lainnya, maka periode Keadaan Kahar akan dipertimbangkan dalam jangka waktu 7 (tujuh) hari kalender.</p>\r\n</td>\r\n</tr>\r\n<tr>\r\n<td style="width: 40px; border-color: transparent; vertical-align: top;" width="36">\r\n<p>4.</p>\r\n</td>\r\n<td style="width: 725px; border-color: transparent; vertical-align: top;" width="581">\r\n<p>Setelah dilakukan pertimbangan terhadap Keadaan Kahar sebagaimana dimaksud ayat 3 di atas dan Keadaan Kahar tersebut ditolak oleh PIHAK yang tidak terkena dampak maka PARA PIHAK akan meneruskan kewajiban masing-masing sesuai dengan ketentuan-ketentuan dalam Kontrak ini. Jika Keadaan Kahar tersebut disetujui, maka PARA PIHAK akan merundingkan kembali kelanjutan pelaksanaan Kontrak &nbsp;ini.</p>\r\n</td>\r\n</tr>\r\n</tbody>\r\n</table>\r\n<table style="width: 768px; border-color: transparent;">\r\n<tbody>\r\n<tr style="height: 64px;">\r\n<td style="width: 768px; border-color: transparent; height: 64px;" colspan="2" width="616">\r\n<p style="text-align: center;"><strong>Pasal 10</strong><br /><strong>PEMUTUSAN KONTRAK</strong></p>\r\n</td>\r\n</tr>\r\n<tr style="height: 64px;">\r\n<td style="width: 41px; vertical-align: top; border-color: transparent; height: 64px;" width="36">\r\n<p>1.</p>\r\n</td>\r\n<td style="width: 727px; vertical-align: top; border-color: transparent; height: 64px;" width="581">\r\n<p>PARA PIHAK sepakat untuk&nbsp;mengesampingkan ketentuan pasal 1266 KUH Perdata sepanjang mengenai ketentuan diperlukannya keputusan pengadilan untuk pemutusan suatu Perjanjian/Kontrak.</p>\r\n</td>\r\n</tr>\r\n<tr style="height: 350px;">\r\n<td style="width: 41px; vertical-align: top; border-color: transparent; height: 350px;" width="36">\r\n<p>2.</p>\r\n</td>\r\n<td style="width: 727px; vertical-align: top; border-color: transparent; height: 350px;" width="581">\r\n<p>Pemutusan&nbsp;Kontrak secara sepihak oleh PIHAK PERTAMA hanya dapat dilakukan setelah PIHAK PERTAMA memberikan peringatan tertulis kepada PIHAK KEDUA sebanyak 3 (tiga)&nbsp;kali berturut-turut dan PIHAK KEDUA tidak mengindahkan peringatan tertulis tersebut, dalam hal PIHAK KEDUA:</p>\r\n<table style="width: 720px; border-color: transparent;">\r\n<tbody>\r\n<tr>\r\n<td style="vertical-align: top; width: 34px; border-color: transparent;" width="30">\r\n<p>a.</p>\r\n</td>\r\n<td style="vertical-align: top; width: 686px; border-color: transparent;" width="535">\r\n<p>Dalam waktu 30 (tiga puluh) hari kalender terhitung sejak tanggal diterimanya pembayaran tahap pertama, tidak memulai pelaksanaan Pekerjaan.</p>\r\n</td>\r\n</tr>\r\n<tr>\r\n<td style="vertical-align: top; width: 34px; border-color: transparent;" width="30">\r\n<p>b.</p>\r\n</td>\r\n<td style="vertical-align: top; width: 686px; border-color: transparent;" width="535">\r\n<p>Dalam waktu 14 (empat belas) hari kalender tidak melanjutkan pelaksanaan Pekerjaan yang telah dimulai.</p>\r\n</td>\r\n</tr>\r\n<tr>\r\n<td style="vertical-align: top; width: 34px; border-color: transparent;" width="30">\r\n<p>c.</p>\r\n</td>\r\n<td style="vertical-align: top; width: 686px; border-color: transparent;" width="535">\r\n<p>Secara langsung atau tidak langsung dengan sengaja memperlambat penyelesaian Pekerjaan.</p>\r\n</td>\r\n</tr>\r\n<tr>\r\n<td style="vertical-align: top; width: 34px; border-color: transparent;" width="30">\r\n<p>d.</p>\r\n</td>\r\n<td style="vertical-align: top; width: 686px; border-color: transparent;" width="535">\r\n<p>Melaksanakan pekerjaan yang tidak sesuai dengan jadual waktu yang telah dibuat oleh PIHAK KEDUA dan disetujui oleh PIHAK &nbsp;PERTAMA.</p>\r\n</td>\r\n</tr>\r\n</tbody>\r\n</table>\r\n</td>\r\n</tr>\r\n</tbody>\r\n</table>\r\n<table style="width: 768px; border-color: transparent;">\r\n<tbody>\r\n<tr style="height: 64px;">\r\n<td style="width: 758px; border-color: transparent; height: 64px;" colspan="2">\r\n<p style="text-align: center;"><strong>Pasal 11</strong><br /><strong>TEMPAT KEDUDUKAN HUKUM</strong></p>\r\n</td>\r\n</tr>\r\n<tr style="height: 64px;">\r\n<td style="width: 758px; vertical-align: top; border-color: transparent; height: 64px;" colspan="2">Dalam pelaksanaan Kontrak ini PARA&nbsp; PIHAK &nbsp;setuju untuk memilih tempat kedudukan hukum yang tetap dan tidak berubah yaitu di Kantor Panitera Pengadilan Negeri Jakarta Pusat.</td>\r\n</tr>\r\n</tbody>\r\n</table>\r\n<table style="width: 769px; border-color: transparent;">\r\n<tbody>\r\n<tr>\r\n<td style="width: 769px; border-color: transparent;" colspan="2" width="616">\r\n<p style="text-align: center;"><strong>Pasal 12<br /></strong><strong>PENYELESAIAN PERSELISIHAN</strong></p>\r\n</td>\r\n</tr>\r\n<tr>\r\n<td style="width: 40px; border-color: transparent; vertical-align: top;" width="36">\r\n<p>1.</p>\r\n</td>\r\n<td style="width: 729px; border-color: transparent; vertical-align: top;" width="581">\r\n<p>Apabila terjadi perselisihan antara PARA PIHAK sehubungan dengan pelaksanaan Kontrak ini, maka PARA PIHAK sepakat untuk menyelesaikan dengan cara musyawarah.</p>\r\n</td>\r\n</tr>\r\n<tr>\r\n<td style="width: 40px; border-color: transparent; vertical-align: top;" width="36">\r\n<p>2.</p>\r\n</td>\r\n<td style="width: 729px; border-color: transparent; vertical-align: top;" width="581">\r\n<p>Apabila dengan musyawarah tidak tercapai mufakat, maka PARA PIHAK setuju untuk menyelesaikan perselisihan tersebut melalui Badan Arbitrase Nasional Indonesia&nbsp; (BANI) yang bertempat di Jakarta menurut peraturan prosedur BANI. Keputusan yang&nbsp; dikeluarkan oleh BANI bersifat dan mengikat bagi PARA PIHAK.</p>\r\n</td>\r\n</tr>\r\n<tr>\r\n<td style="width: 40px; border-color: transparent; vertical-align: top;" width="36">\r\n<p>3.</p>\r\n</td>\r\n<td style="width: 729px; border-color: transparent; vertical-align: top;" width="581">\r\n<p>Ketentuan-ketentuan lain dalam Kontrak ini tetap berlaku dan PARA PIHAK tetap melaksanakan hak dan kewajiban masing-masing perbedaan pendapat atau perselisihan tersebut diselesaikan.</p>\r\n</td>\r\n</tr>\r\n</tbody>\r\n</table>\r\n<table style="height: 658px; width: 763px; border-color: transparent;">\r\n<tbody>\r\n<tr style="height: 64px;">\r\n<td style="width: 747px; height: 64px; border-color: transparent;" colspan="3">\r\n<p style="text-align: center;"><strong>Pasal 13<br /></strong><strong>KETENTUAN LAIN</strong></p>\r\n</td>\r\n</tr>\r\n<tr style="height: 82px;">\r\n<td style="width: 33px; vertical-align: top; height: 82px; border-color: transparent;">\r\n<p>1.</p>\r\n</td>\r\n<td style="width: 714px; vertical-align: top; height: 82px; border-color: transparent;" colspan="2">\r\n<p><strong>Hukum Yang Berlaku<br /></strong>Kontrak ini diatur, diinterpretasikan dan tunduk pada peraturan perundang-undangan dan ketentuan Hukum Republik Indonesia.</p>\r\n</td>\r\n</tr>\r\n<tr style="height: 100px;">\r\n<td style="width: 33px; vertical-align: top; height: 100px; border-color: transparent;">\r\n<p>2.</p>\r\n</td>\r\n<td style="width: 714px; vertical-align: top; height: 100px; border-color: transparent;" colspan="2">\r\n<p><strong>Amandemen<br /></strong>Setiap perubahan, modifikasi atau pengaturan lebih lanjut terhadap hal-hal yang tidak atau belum cukup diatur dalam Kontrak ini harus disetujui secara tertulis oleh PARA PIHAK dan dibuat dalam bentuk Amandemen yang merupakan bagian yang tidak terpisahkan dari Kontrak ini.</p>\r\n</td>\r\n</tr>\r\n<tr style="height: 82px;">\r\n<td style="width: 33px; vertical-align: top; height: 82px; border-color: transparent;">\r\n<p>3.</p>\r\n</td>\r\n<td style="width: 714px; vertical-align: top; height: 82px; border-color: transparent;" colspan="2">\r\n<p><strong>Pemberitahuan<br /></strong>Setiap surat menyurat, komunikasi atau korespondensi sehubungan dengan pelaksanaan Kontrak ini akan disampaikan pada alamat seperti tercantum di bawah ini:</p>\r\n</td>\r\n</tr>\r\n<tr style="height: 266px;">\r\n<td style="width: 382px; height: 266px; border-color: transparent;" colspan="2">\r\n<p><strong>PIHAK KEDUA<br /></strong>Dinas Hidro-Oseanografi<br />TNI Angkatan Laut</p>\r\n<p>Jl. Pantai Kuta V No. 1<br />Ancol Timur<br />Jakarta 14430</p>\r\n<p>Phone : 62-21-64714810<br />Fax&nbsp;&nbsp;&nbsp;&nbsp; : 62-21-64714819<br />&nbsp;&nbsp;&nbsp;&nbsp;&nbsp;&nbsp;&nbsp;&nbsp;&nbsp;&nbsp;&nbsp; 62-21-64714809</p>\r\n<p>Kepala Dishidros</p>\r\n</td>\r\n<td style="width: 365px; height: 266px; border-color: transparent;">\r\n<p><strong>PIHAK PERTAMA<br /></strong>PT BUMI SAWIT NUSANTARA</p>\r\n<p>&nbsp;</p>\r\n<p>Jalan Jatinegara Timur II Nomor 35c<br />Jakarta Timur 13350</p>\r\n<p>Phone : 62-21-8506511<br />Fax&nbsp;&nbsp;&nbsp;&nbsp; : 62-21-8196340<br />&nbsp;&nbsp;&nbsp;&nbsp;&nbsp;&nbsp;&nbsp;&nbsp;&nbsp;&nbsp;&nbsp; 62-81-22978777</p>\r\n<p>Direktur Utama</p>\r\n</td>\r\n</tr>\r\n<tr style="height: 64px;">\r\n<td style="width: 33px; height: 64px; border-color: transparent;">\r\n<p>&nbsp;</p>\r\n</td>\r\n<td style="width: 714px; height: 64px; border-color: transparent;" colspan="2">\r\n<p>Masing-masing <strong>PIHAK </strong>akan segera memberitahukan secara tertulis kepada <strong>PIHAK </strong>lainnya apabila terjadi perubahan alamat atau tempat pemberitahuan sebagaimana dimaksud pada ayat 3 Pasal ini.</p>\r\n</td>\r\n</tr>\r\n</tbody>\r\n</table>\r\n<p style="text-align: justify;"><br />Demikian Kontrak ini dibuat dalarn rangkap 2 (dua) diatas materai cukup, masing-masing mempunyai kekuatan hukum yang sarna, ditandatangani di Jakarta pada hari dan tanggal tersebut diatas.<br /><br /><br /></p>\r\n<table style="width: 761px; border-color: transparent;">\r\n<tbody>\r\n<tr>\r\n<td style="width: 389px; border-color: transparent; text-align: center;" width="308">\r\n<p><strong>PIHAK&nbsp; &nbsp;KEDUA</strong></p>\r\n<p><strong>KEPALA &nbsp;DISHIDROS</strong></p>\r\n<p><strong>&nbsp;</strong></p>\r\n<p><strong>&nbsp;</strong></p>\r\n<p><strong>&nbsp;</strong></p>\r\n<p><strong>Drs. DEDE &nbsp;YULIADI, &nbsp;M.Sc. LAKSAMANA&nbsp; &nbsp;PERTAMA &nbsp;TNI</strong></p>\r\n</td>\r\n<td style="width: 372px; border-color: transparent; text-align: center;" width="308">\r\n<p><strong>PIHAK &nbsp;PERTAMA </strong></p>\r\n<p><strong>PT BUMI &nbsp;KAWIT &nbsp;NUSANTARA</strong></p>\r\n<p><strong>&nbsp;</strong></p>\r\n<p><strong>&nbsp;</strong></p>\r\n<p><strong>&nbsp;</strong></p>\r\n<p><strong>ENDRO BUDI AP<br /></strong><strong>DIREKTUR UTAMA</strong></p>\r\n</td>\r\n</tr>\r\n</tbody>\r\n</table>\r\n<p style="text-align: justify;"><br /><br /><br /></p>\r\n<p><!-- pagebreak --></p>\r\n<p style="text-align: justify;">&nbsp;</p>
12	SURAT LUAR NEGERI	<p>&nbsp;</p>\r\n<table style="width: 100%; border-collapse: collapse; border-color: transparent;" border="1">\r\n<tbody>\r\n<tr>\r\n<td style="width: 15.8879%; padding-left: 30px;"><img src="https://pbs.twimg.com/profile_images/432775196479479808/xoFb5Xel_400x400.jpeg" alt="" width="106" height="106" /></td>\r\n<td style="width: 84.1121%; text-align: center;"><strong>PUSAT HIDROGRAFI DAN OSEANOGRAFI TNI AL<br /></strong>Jl. Pantai Kuta V/1 Jakarta 14430<br /><strong>INDONESIA<br /></strong>Telp. (62) (021) 64713809 Fax (62) (021) 64714809<br />E-Mail : infohid@dishidros.go.id<br /><strong><br /></strong></td>\r\n</tr>\r\n</tbody>\r\n</table>\r\n<hr />\r\n<p>No.</p>\r\n<p>&nbsp;</p>\r\n<p><strong>Rear Admiral Tim Lowe<br /></strong>National Hydrographer and Deputy Chief Executive<br />The UK Hydrographic Office<br />Admiralty Way Taunton Somerset<br />TAU2DN United Kingdom<br />Tel: +44 (0) 1823 337 900; +44 (0) 1823 484444<br />Fax: +44 (0) 1823 723 380<br /><br />Dear Sir</p>\r\n<p>&nbsp; &nbsp; &nbsp; &nbsp; First of all, we wish you a Happy New Year 2017 to you and all UKHO staffs in Taunton. May in the upcoming year, we will be granted a more successful year</p>\r\n<p>&nbsp; &nbsp; &nbsp; &nbsp; In the opportunity, I would like to thank you for a very valuable opportunity for my staff, who attend five week training on Marine Cartography in Singapore last year, and also my appreciation for you offer to him to attend the continuation Marine Cartography and Data Processing Training in UKHO Office for 2017 program.</p>\r\n<p>&nbsp; &nbsp; &nbsp; &nbsp; As a newly consolidated organization, Pushidrosal is still working on some aspects which need more skilled human resources. Therefore i would apologize that at present we could not release our candidate to join the training, since the organization is still need his contribution and professionalism. At this periode, Pushidrosal is working on the revitalization program, therefore our organization is still zoping with some consolidation issue. For the next training program, I would send a candidate to attend this training opportunity We will also support every single effort to bring our bilateral cooperation becomea more productive on</p>\r\n<table style="width: 100%; border-collapse: collapse; border-color: transparent;" border="1">\r\n<tbody>\r\n<tr>\r\n<td style="width: 51.8692%;">\r\n<p>&nbsp; &nbsp; &nbsp; &nbsp; &nbsp; &nbsp; &nbsp; Thank you</p>\r\n<p>Sincerely yours<br /><br /><br /><br /><br /><br />Name</p>\r\n</td>\r\n<td style="width: 48.1308%;">&nbsp;</td>\r\n</tr>\r\n</tbody>\r\n</table>\r\n<p>&nbsp;</p>
3	SURAT RAHASIA	<p style="text-align: left;">TENTARA NASIONAL INDONESIA ANGKATAN LAUT</p>\r\n<p style="text-align: left; margin-top: -10px;">&nbsp;&nbsp;&nbsp;&nbsp; PUSAT HIDROGRAFI DAN OSEANOGRAFI&nbsp;&nbsp;&nbsp;&nbsp;&nbsp;&nbsp;&nbsp;</p>\r\n<hr style="width: 360px; float: left; margin-top: -10px;" />\r\n<p style="padding-left: 30px;">&nbsp; &nbsp; &nbsp; &nbsp; &nbsp; &nbsp; &nbsp; &nbsp; &nbsp; &nbsp; &nbsp; &nbsp; &nbsp; &nbsp; &nbsp; &nbsp; &nbsp; &nbsp; &nbsp; &nbsp; &nbsp; &nbsp; &nbsp; &nbsp; &nbsp; &nbsp; &nbsp; &nbsp; &nbsp; &nbsp; &nbsp; &nbsp; &nbsp; &nbsp; &nbsp; &nbsp; &nbsp; &nbsp; &nbsp; &nbsp; Jakarta, 19 Januari 2018</p>\r\n<p style="padding-left: 30px;">Nomor&nbsp; &nbsp; &nbsp; &nbsp;: R/29/I/2018<br />Klasifikasi&nbsp; : Rahasia<br />Lampiran&nbsp; &nbsp;: Dua Lembar<br />Perihal&nbsp; &nbsp; &nbsp; &nbsp;: Permohonan Perpanjangan<br />&nbsp; &nbsp; &nbsp; &nbsp; &nbsp; &nbsp; &nbsp; &nbsp; &nbsp; &nbsp;Security Clearance<br /><br /></p>\r\n<p style="padding-left: 420px;">Kepada</p>\r\n<p style="padding-left: 420px;">Yth. Aspam Kasal</p>\r\n<p style="padding-left: 420px;">di</p>\r\n<p style="padding-left: 420px;">Jakarta</p>\r\n<p style="padding-left: 30px;">1. Dasar :</p>\r\n<p style="padding-left: 60px;">a. surat dari PT. Geofindo Mitra Kencana Nomo 003/U-ADM/GMK/I/2018 tanggal 9 januari 2017 perihal permohonan perpanjangan surat security clearance dan</p>\r\n<p style="padding-left: 60px;">b. surat aspam nomor SI/674/X/2017/Spamal tanggal 11 oktober 2017 tentang surat keterangan SC atas nama Hasal Mulachela Direktur Geotindo Mitra Kencana.</p>\r\n<p style="padding-left: 30px;">2. Sehubungan dasar tersebut, mohon dapatnya diproses dan diberikan perpanjangan SC kepada Direktur PT. Geotindo Mitra Kencana atas nama Hasan Mulachela no KTP 3174102108600002 yang akan mengikuti kegiatan pengadaan dan melakuka after support sesuai kebutuhan dari pushidrosal TA. 2018.</p>\r\n<p style="padding-left: 30px;">3. Demikian terima kasih atas perhatian.</p>\r\n<p style="padding-left: 570px;">An, Kepala Pushidrosal<br />&nbsp; &nbsp; &nbsp; &nbsp; &nbsp; &nbsp; &nbsp;Waka</p>\r\n<table style="border-collapse: collapse; width: 55.9663%; height: 58px; margin-left: 30px;" border="1">\r\n<tbody>\r\n<tr style="height: 15px;">\r\n<td style="width: 3.40136%; text-align: center; height: 15px;">No</td>\r\n<td style="width: 18.2743%; text-align: center; height: 15px;">Jabatan</td>\r\n<td style="width: 16.9226%; text-align: center; height: 15px;">Paraf</td>\r\n<td style="width: 17.3681%; text-align: center; height: 15px;">Tanggal</td>\r\n</tr>\r\n<tr style="height: 28px;">\r\n<td style="width: 3.40136%; height: 28px;">\r\n<p>1.</p>\r\n</td>\r\n<td style="width: 18.2743%; height: 28px;">&nbsp;</td>\r\n<td style="width: 16.9226%; height: 28px;">&nbsp;</td>\r\n<td style="width: 17.3681%; height: 28px;">&nbsp;</td>\r\n</tr>\r\n<tr style="height: 15px;">\r\n<td style="width: 3.40136%; height: 15px;">2.</td>\r\n<td style="width: 18.2743%; height: 15px;">&nbsp;</td>\r\n<td style="width: 16.9226%; height: 15px;">&nbsp;</td>\r\n<td style="width: 17.3681%; height: 15px;">&nbsp;</td>\r\n</tr>\r\n</tbody>\r\n</table>\r\n<p style="padding-left: 600px;">Trismadi</p>\r\n<p style="padding-left: 570px;">Laksamana Pertama TNI</p>\r\n<p style="padding-left: 30px;">Tembusan</p>\r\n<p style="padding-left: 30px;">1. Kapushidrosal</p>\r\n<p style="padding-left: 30px;">2. Kadispamal</p>
14	SURAT TUGAS	<p style="text-align: left;">PUSAT HIDROGRAFI DAN OSEANOGRAFI TNI AL<br />&nbsp; &nbsp; PUSAT HYDROGRAPI DAN OSEANOGRAFI</p>\r\n<hr style="width: 360px; float: left; margin-top: -10px;" />\r\n<p>&nbsp;</p>\r\n<p style="text-align: center;"><img src="http://115.124.73.251/notadinas_pushidrosal/source/tnial.png" alt="" width="104" height="103" /></p>\r\n<p style="text-align: center;">SURAT TUGAS<br />Nomor B/ND/ &nbsp; /VI/2017</p>\r\n<table style="width: 100%; border-collapse: collapse; border-color: transparent;" border="1">\r\n<tbody>\r\n<tr>\r\n<td style="width: 20.7908%;">&nbsp;Menimbang</td>\r\n<td style="width: 2.1046%;">&nbsp;</td>\r\n<td style="width: 77.1046%;">&nbsp; &nbsp; &nbsp;bahwa dalam rangka menghadiri udangan di Surabaya, perlu dikeluarkan surat tugas</td>\r\n</tr>\r\n<tr>\r\n<td style="width: 20.7908%;">&nbsp;Dasar&nbsp;</td>\r\n<td style="width: 2.1046%;">:</td>\r\n<td style="width: 77.1046%;">&nbsp; &nbsp; Surat jalasenastri Pengurus Pusat Nomor B/03/I/2018/Set tanggal 3 Januari 2018 tentang undangan</td>\r\n</tr>\r\n</tbody>\r\n</table>\r\n<p style="text-align: center;">DITUGASKAN</p>\r\n<table style="height: 18px; width: 100%; border-collapse: collapse; border-color: transparent;" border="1">\r\n<tbody>\r\n<tr style="height: 18px;">\r\n<td style="width: 20.6866%; height: 18px;">Kepada</td>\r\n<td style="width: 2.30336%; height: 18px;">:</td>\r\n<td style="width: 77.0099%; height: 18px;">Ny. Harjo Susmoro, Ketua Cabang BS Jalasenastri Pushidrosal</td>\r\n</tr>\r\n<tr style="height: 185px;">\r\n<td style="width: 20.6866%; height: 185px;">Untuk</td>\r\n<td style="width: 2.30336%; height: 185px;">&nbsp;</td>\r\n<td style="width: 77.0099%; height: 185px;">\r\n<p>1.&nbsp; Disamping tugas dan tanggung jawab yang ada, ditunjuk menghadiri udangan dalam rangka makan malam bersama Ketua Umum Dharma Pertiwi dengan Taruna AAL, yang akan dilaksanakan pada:</p>\r\n<table style="height: 65px; width: 100%; border-collapse: collapse; border-color: transparent;" border="1">\r\n<tbody>\r\n<tr style="height: 18px;">\r\n<td style="width: 7.82316%; height: 18px;">a</td>\r\n<td style="width: 28.0612%; height: 18px;">hari/tanggal</td>\r\n<td style="width: 2.72104%; height: 18px;">:</td>\r\n<td style="width: 61.3946%; height: 18px;">Kamis, 4 Januari 2018</td>\r\n</tr>\r\n<tr style="height: 18px;">\r\n<td style="width: 7.82316%; height: 18px;">b</td>\r\n<td style="width: 28.0612%; height: 18px;">pukul</td>\r\n<td style="width: 2.72104%; height: 18px;">:</td>\r\n<td style="width: 61.3946%; height: 18px;">19.00 WIB s.d selesai</td>\r\n</tr>\r\n<tr style="height: 11px;">\r\n<td style="width: 7.82316%; height: 11px;">c</td>\r\n<td style="width: 28.0612%; height: 11px;">tempat</td>\r\n<td style="width: 2.72104%; height: 11px;">:</td>\r\n<td style="width: 61.3946%; height: 11px;">Ruang&nbsp; Makan Gedung Hadi Winarso AAL, Bumimoro - Surabaya&nbsp;</td>\r\n</tr>\r\n<tr style="height: 18px;">\r\n<td style="width: 7.82316%; height: 18px;">d</td>\r\n<td style="width: 28.0612%; height: 18px;">tenue</td>\r\n<td style="width: 2.72104%; height: 18px;">:</td>\r\n<td style="width: 61.3946%; height: 18px;">Etnik Aneka Tenun Nusantara</td>\r\n</tr>\r\n</tbody>\r\n</table>\r\n</td>\r\n</tr>\r\n<tr style="height: 146px;">\r\n<td style="width: 20.6866%; height: 146px;">&nbsp;</td>\r\n<td style="width: 2.30336%; height: 146px;">&nbsp;</td>\r\n<td style="width: 77.0099%; height: 146px;">\r\n<p>2. Berangkat tanggal 4 Januari 2018 dan kembali tanggal 5 Januari 2018 dengan berkendaran Pesawat Terbang, dll.Biaya perjalanan dinas PP dan akomondasi dll didukung dari anggaran Pushidrosal</p>\r\n<p>3. Surat tugas ini berlaku sejak tanggal dikeluarkan.</p>\r\n<p>4. Melaksanakan tugas ini dengan penuh tanggung jawab&nbsp;</p>\r\n</td>\r\n</tr>\r\n</tbody>\r\n</table>\r\n<p>Selesai</p>\r\n<table style="width: 100%; border-collapse: collapse; border-color: transparent;" border="1">\r\n<tbody>\r\n<tr>\r\n<td style="width: 50%;">&nbsp;</td>\r\n<td style="width: 50%;">\r\n<p>Dikeluarkan di Jakarta<br />pada tanggal&nbsp; &nbsp; &nbsp; &nbsp;Januari 2018</p>\r\n<hr />\r\n<p style="text-align: center;">Kepada Pushidrosal<br /><br /><br /><br /></p>\r\n<p style="text-align: center;"><br />Harjo Susmoro<br />Laksamana Muda TNI</p>\r\n</td>\r\n</tr>\r\n</tbody>\r\n</table>\r\n<p>Tembusan:</p>
9	SURAT EDARAN	<p style="text-align: left;">PUSAT HIDROGRAFI DAN OSEANOGRAFI TNI AL<br />&nbsp; &nbsp; PUSAT HYDROGRAPI DAN OSEANOGRAFI</p>\r\n<hr style="width: 360px; float: left; margin-top: -10px;" />\r\n<p>&nbsp;</p>\r\n<p style="text-align: center;"><img src="http://115.124.73.251/notadinas_pushidrosal/source/tnial.png" alt="" width="104" height="103" /></p>\r\n<p style="text-align: center;">SURAT EDARAN<br />Nomor SE/ND/ &nbsp; /VI/2017</p>\r\n<p style="text-align: center;">tentang</p>\r\n<p style="text-align: center;">PENDATAAN DAFTAR SUSUNAN PERSONEL BULANAN</p>\r\n<p style="text-align: left;">Berdasarkan Surat Telegram Kasal Nomor 113/MIN/0517 TWU. 0524.0820 tentang updating data Sipers TNI AL dan melengkapi data riwayat hidup personel TNI AL.</p>\r\n<p style="text-align: left;">Sehubungan dengan data di atas, dimohon para Kasatker di lingkungan Pushidrosal dikirimkan laporan bulanan personel kepada Kapushidrosal dhi. Kadisminpres Pushidrosal paling lambat tanggal 1 setiap bulan dengan format <em>Excel&nbsp;</em>dengan contoh sebagai berikut:</p>\r\n<table style="border-collapse: collapse; width: 100%;" border="1">\r\n<tbody>\r\n<tr style="height: 18px;">\r\n<td style="width: 7.22295%; height: 18px; text-align: center;">No</td>\r\n<td style="width: 21.0431%; height: 18px; text-align: center;">NAMA</td>\r\n<td style="width: 27.5619%; height: 18px; text-align: center;">PANGKAT/KORPS</td>\r\n<td style="width: 12.0861%; height: 18px; text-align: center;">JABATAN</td>\r\n<td style="width: 12.0861%; height: 18px; text-align: center;">KETERANGAN</td>\r\n<td style="width: 20%; height: 18px;">&nbsp;</td>\r\n</tr>\r\n<tr>\r\n<td style="width: 7.22295%; text-align: center;">1</td>\r\n<td style="width: 21.0431%; text-align: center;">2</td>\r\n<td style="width: 27.5619%; text-align: center;">3</td>\r\n<td style="width: 12.0861%; text-align: center;">4</td>\r\n<td style="width: 12.0861%; text-align: center;">5</td>\r\n<td style="width: 20%;">&nbsp;</td>\r\n</tr>\r\n<tr>\r\n<td style="width: 7.22295%; text-align: center;">&nbsp;</td>\r\n<td style="width: 21.0431%; text-align: center;">&nbsp;</td>\r\n<td style="width: 27.5619%; text-align: center;">&nbsp;</td>\r\n<td style="width: 12.0861%; text-align: center;">&nbsp;</td>\r\n<td style="width: 12.0861%; text-align: center;">&nbsp;</td>\r\n<td style="width: 20%;">&nbsp;</td>\r\n</tr>\r\n<tr>\r\n<td style="width: 7.22295%; text-align: center;">&nbsp;</td>\r\n<td style="width: 21.0431%; text-align: center;">&nbsp;</td>\r\n<td style="width: 27.5619%; text-align: center;">&nbsp;</td>\r\n<td style="width: 12.0861%; text-align: center;">&nbsp;</td>\r\n<td style="width: 12.0861%; text-align: center;">&nbsp;</td>\r\n<td style="width: 20%;">&nbsp;</td>\r\n</tr>\r\n</tbody>\r\n</table>\r\n<p>Rekapitulasi Pesonel</p>\r\n<table style="border-collapse: collapse; width: 100%;" border="1">\r\n<tbody>\r\n<tr>\r\n<td style="width: 6.98453%; text-align: center;">No</td>\r\n<td style="width: 21.5868%; text-align: center;">PERS/GOL</td>\r\n<td style="width: 14.2857%; text-align: center;">PERWIRA</td>\r\n<td style="width: 14.2857%; text-align: center;">BINTARA</td>\r\n<td style="width: 14.2857%; text-align: center;">TAMTAMA</td>\r\n<td style="width: 14.2857%; text-align: center;">JUMLAH</td>\r\n<td style="width: 14.2857%; text-align: center;">JUMLAH</td>\r\n</tr>\r\n<tr>\r\n<td style="width: 6.98453%; text-align: center;">1</td>\r\n<td style="width: 21.5868%; text-align: center;">2</td>\r\n<td style="width: 14.2857%; text-align: center;">3</td>\r\n<td style="width: 14.2857%; text-align: center;">4</td>\r\n<td style="width: 14.2857%; text-align: center;">5</td>\r\n<td style="width: 14.2857%; text-align: center;">6</td>\r\n<td style="width: 14.2857%; text-align: center;">7</td>\r\n</tr>\r\n<tr>\r\n<td style="width: 6.98453%; text-align: center;">&nbsp;</td>\r\n<td style="width: 21.5868%; text-align: center;">&nbsp;</td>\r\n<td style="width: 14.2857%; text-align: center;">&nbsp;</td>\r\n<td style="width: 14.2857%; text-align: center;">&nbsp;</td>\r\n<td style="width: 14.2857%; text-align: center;">&nbsp;</td>\r\n<td style="width: 14.2857%; text-align: center;">&nbsp;</td>\r\n<td style="width: 14.2857%; text-align: center;">&nbsp;</td>\r\n</tr>\r\n<tr>\r\n<td style="width: 6.98453%; text-align: center;">&nbsp;</td>\r\n<td style="width: 21.5868%; text-align: center;">&nbsp;</td>\r\n<td style="width: 14.2857%; text-align: center;">&nbsp;</td>\r\n<td style="width: 14.2857%; text-align: center;">&nbsp;</td>\r\n<td style="width: 14.2857%; text-align: center;">&nbsp;</td>\r\n<td style="width: 14.2857%; text-align: center;">&nbsp;</td>\r\n<td style="width: 14.2857%; text-align: center;">&nbsp;</td>\r\n</tr>\r\n</tbody>\r\n</table>\r\n<p>Personel Masuk/Keluar (Mutasi)</p>\r\n<table style="border-collapse: collapse; width: 100%;" border="1">\r\n<tbody>\r\n<tr style="height: 18px;">\r\n<td style="width: 6.44068%; height: 18px; text-align: center;">No</td>\r\n<td style="width: 33.5593%; height: 18px; text-align: center;">NAMA</td>\r\n<td style="width: 20%; height: 18px; text-align: center;">PANGKAT</td>\r\n<td style="width: 20%; height: 18px; text-align: center;">JABATAN</td>\r\n<td style="width: 20%; height: 18px; text-align: center;">KETERANGAN</td>\r\n</tr>\r\n<tr>\r\n<td style="width: 6.44068%; text-align: center;">1</td>\r\n<td style="width: 33.5593%; text-align: center;">2</td>\r\n<td style="width: 20%; text-align: center;">3</td>\r\n<td style="width: 20%; text-align: center;">4</td>\r\n<td style="width: 20%; text-align: center;">5</td>\r\n</tr>\r\n<tr>\r\n<td style="width: 6.44068%; text-align: center;">&nbsp;</td>\r\n<td style="width: 33.5593%; text-align: center;">&nbsp;</td>\r\n<td style="width: 20%; text-align: center;">&nbsp;</td>\r\n<td style="width: 20%; text-align: center;">&nbsp;</td>\r\n<td style="width: 20%; text-align: center;">&nbsp;</td>\r\n</tr>\r\n<tr>\r\n<td style="width: 6.44068%; text-align: center;">&nbsp;</td>\r\n<td style="width: 33.5593%; text-align: center;">&nbsp;</td>\r\n<td style="width: 20%; text-align: center;">&nbsp;</td>\r\n<td style="width: 20%; text-align: center;">&nbsp;</td>\r\n<td style="width: 20%; text-align: center;">&nbsp;</td>\r\n</tr>\r\n</tbody>\r\n</table>\r\n<p>3. Demikian terima kasih atas perhatian</p>\r\n<table style="width: 100%; border-collapse: collapse; border-color: transparent;" border="1">\r\n<tbody>\r\n<tr>\r\n<td style="width: 50%;">&nbsp;</td>\r\n<td style="width: 50%;">\r\n<p>Dikeluarkan di Jakarta<br />pada tanggal&nbsp; &nbsp; &nbsp; &nbsp;Januari 2018</p>\r\n<hr />\r\n<p style="text-align: center;">Kepada Pushidrosal<br /><br /><br /><br /></p>\r\n<p style="text-align: center;"><br />Harjo Susmoro<br />Laksamana Muda TNI</p>\r\n</td>\r\n</tr>\r\n</tbody>\r\n</table>\r\n<p>Tembusan:</p>\r\n<p>&nbsp;</p>
11	SURAT KEPUTUSAN	<p>TENTARA NASIONAL INDONESIA ANGKATAN LAUT<br />&nbsp; &nbsp; &nbsp;PUSAT HIDROGRAFI DAN OSEANOGRAFI</p>\r\n<hr style="width: 360px; float: left; margin-top: -10px;" />\r\n<p>&nbsp;</p>\r\n<p style="padding-left: 360px;"><img src="http://2.bp.blogspot.com/-CG1mOfxk8lw/T5Yyj3tSQ-I/AAAAAAAAChI/pndpxTu0O_k/s1600/Logo+TNI+AL.png" alt="" width="123" height="125" /></p>\r\n<p style="text-align: center;">SALINAN<br />KEPUTUSAN KEPALA PUSHIDROSAL<br />Nomor Kep/</p>\r\n<p style="text-align: center;">Tentang</p>\r\n<p style="text-align: center;">GAJI POKOK MILITER TNI AL</p>\r\n<p style="text-align: center;">KEPALA PUSAT HIDRO DAN OSEANOGRAFI TNI AL</p>\r\n<table style="height: 282px; width: 98.9005%; border-collapse: collapse; border-color: transparent;" border="1">\r\n<tbody>\r\n<tr style="height: 52px;">\r\n<td style="width: 27.6965%; height: 52px;">Menimbang</td>\r\n<td style="width: 71.2039%; height: 52px;">&nbsp; &nbsp; &nbsp; bahwa dipandang perlu mengeluarkan keputusan tentang penetapan gaji pokok Prajurit TNI Angkatan Laut karena perubahan masa kerja gaji berka</td>\r\n</tr>\r\n<tr style="height: 73px;">\r\n<td style="width: 27.6965%; height: 73px;">Mengingat</td>\r\n<td style="width: 71.2039%; height: 73px;">1.&nbsp; &nbsp;Peraturan Pemerintah Republik Indonesia Nomor 31 Tahun 2015 tanggal 04 Juni 2015 tentang Perubahan Kesebelasan atas Peraturan Pemerintah Nomor 28 tahun 2001 tentang Peraturan Gaji pokok Anggota Tentara Nasional Indonesia</td>\r\n</tr>\r\n<tr style="height: 67px;">\r\n<td style="width: 27.6965%; height: 67px;">&nbsp;</td>\r\n<td style="width: 71.2039%; height: 67px;">2.&nbsp; &nbsp;Peraturan Kasal Nomor Perkasal/15.a/II/2008 tanggal 18 Februari 2008 tentang Petunjuk Pelaksanaan Penyelesaian Administrasi kenaikan Gaji Berkala di Lingkungan TNI Angkata Laut</td>\r\n</tr>\r\n<tr style="height: 90px;">\r\n<td style="width: 27.6965%; height: 90px;">&nbsp;</td>\r\n<td style="width: 71.2039%; height: 90px;">3.&nbsp; &nbsp;Surat Edaran Kadiskual Nomor SE/06/IV/2010 tanggal 13 April 2010 tentang Penyesuaian Besaran Gaji Pokok Tentara Nasional Indonesia dan Pegawai Negeri Sipil di Lingkungan TNI Angkatan Laut</td>\r\n</tr>\r\n</tbody>\r\n</table>\r\n<p style="text-align: center;">MEMUTUSKAN</p>\r\n<table style="border-collapse: collapse; width: 100%;" border="1">\r\n<tbody>\r\n<tr style="height: 97px;">\r\n<td style="width: 28.0374%; height: 97px;">Menetapkan</td>\r\n<td style="width: 71.9626%; height: 97px;">&nbsp; &nbsp; &nbsp;Gaji Pokok Prajurit TNI Angkatan Laut karena perubahan masa kerja gaji berkala a.n Laksamana Pertama TNI Dr.Ir Harjo Susmoro, S.H, M.H NRP 8890/P Beserta 619 orang terhitung mulai tanggal sebagaimana tercantum dalam lajur 9 lampiran keputusan ini</td>\r\n</tr>\r\n</tbody>\r\n</table>\r\n<p style="text-align: right;">2/ Dengan catatan .............</p>\r\n<p style="text-align: left;">&nbsp;</p>\r\n<p style="text-align: left;">Dengan catatan</p>\r\n<p style="text-align: left;">&nbsp; &nbsp; &nbsp; &nbsp; &nbsp; &nbsp; &nbsp; &nbsp;Apabila di kemudian hari ternyata terdapat kekeliruan dalam keputusan ini akan diadakan pembetuluan sebagaimana mestinya</p>\r\n<p style="text-align: left;">Petikan keputusan ini diberikan kepada yang bersangkutan untuk diketahui dan diindahkan</p>\r\n<p style="text-align: left;">&nbsp;</p>\r\n<table style="width: 100%; border-collapse: collapse; border-color: transparent;" border="1">\r\n<tbody>\r\n<tr>\r\n<td style="width: 50%;">\r\n<table style="border-collapse: collapse; width: 100%;" border="1">\r\n<tbody>\r\n<tr>\r\n<td style="width: 12.7405%;">No</td>\r\n<td style="width: 37.2595%;">&nbsp;Jabatan</td>\r\n<td style="width: 25%;">&nbsp;Paraf</td>\r\n<td style="width: 25%;">&nbsp;Tgl</td>\r\n</tr>\r\n<tr>\r\n<td style="width: 12.7405%;">&nbsp;</td>\r\n<td style="width: 37.2595%;">&nbsp;</td>\r\n<td style="width: 25%;">&nbsp;</td>\r\n<td style="width: 25%;">&nbsp;</td>\r\n</tr>\r\n</tbody>\r\n</table>\r\n</td>\r\n<td style="width: 50%;">\r\n<p>Ditetapkan pada;<br />Pada tanggal:</p>\r\n<p style="text-align: center;">Kepala Pushidrosal</p>\r\n<p style="text-align: center;">cap / tertanda</p>\r\n<p style="text-align: center;">Dr. Harjo Susmoro S.H, M.H<br />Laksamana Pertama TNI</p>\r\n<p style="text-align: center;">&nbsp;</p>\r\n<p style="text-align: center;">Untuk salinan aslinya<br />Kepala Setum Pushidrosal<br /><br /></p>\r\n<p style="text-align: center;">&nbsp;</p>\r\n<p style="text-align: center;">Name:</p>\r\n<p style="text-align: center;">&nbsp;</p>\r\n<p style="text-align: center;">&nbsp;</p>\r\n</td>\r\n</tr>\r\n</tbody>\r\n</table>\r\n<p>Didistribusi:</p>\r\n<p>&nbsp;</p>
5	SURAT IJIN	<p style="text-align: left;">PUSAT HIDROGRAFI DAN OSEANOGRAFI TNI AL</p>\r\n<p style="text-align: left; margin-top: -10px; margin-left: 100px;">SEKRETARIAT UMUM</p>\r\n<hr style="width: 360px; float: left; margin-top: -10px;" />\r\n<p>&nbsp;</p>\r\n<p style="text-align: center;">SURAT IZIN NIKAH<br />Nomor : SI/&nbsp; &nbsp; &nbsp; &nbsp;/II/2017<br /><br /></p>\r\n<p>1. Berdasarkan surat permohonan izin nikah tanggal,<br />&nbsp; &nbsp; Diberikan izin kepada&nbsp; &nbsp;:</p>\r\n<table style="height: 288px; width: 109.481%; border-collapse: collapse; border-color: transparent;" border="1">\r\n<tbody>\r\n<tr style="height: 18px;">\r\n<td style="width: 2.6583%; border-color: transparent; height: 18px;">&nbsp;</td>\r\n<td style="width: 1.43028%; height: 18px; border-color: transparent;">a.</td>\r\n<td style="width: 24.8711%; height: 18px; border-color: transparent;">Nama</td>\r\n<td style="width: 1.31109%; height: 18px; border-color: transparent;">:</td>\r\n<td style="width: 88.9528%; height: 18px; border-color: transparent;">&nbsp;</td>\r\n</tr>\r\n<tr style="height: 18px;">\r\n<td style="width: 2.6583%; border-color: transparent; height: 18px;">&nbsp;</td>\r\n<td style="width: 1.43028%; height: 18px; border-color: transparent;">b.</td>\r\n<td style="width: 24.8711%; height: 18px; border-color: transparent;">Pangat,Korps,NRP</td>\r\n<td style="width: 1.31109%; height: 18px; border-color: transparent;">:</td>\r\n<td style="width: 88.9528%; height: 18px; border-color: transparent;">&nbsp;</td>\r\n</tr>\r\n<tr style="height: 18px;">\r\n<td style="width: 2.6583%; border-color: transparent; height: 18px;">&nbsp;</td>\r\n<td style="width: 1.43028%; height: 18px; border-color: transparent;">c.</td>\r\n<td style="width: 24.8711%; height: 18px; border-color: transparent;">Jabatan</td>\r\n<td style="width: 1.31109%; height: 18px; border-color: transparent;">:</td>\r\n<td style="width: 88.9528%; height: 18px; border-color: transparent;">&nbsp;</td>\r\n</tr>\r\n<tr style="height: 18px;">\r\n<td style="width: 2.6583%; border-color: transparent; height: 18px;">&nbsp;</td>\r\n<td style="width: 1.43028%; height: 18px; border-color: transparent;">d.</td>\r\n<td style="width: 24.8711%; height: 18px; border-color: transparent;">Kesatuan</td>\r\n<td style="width: 1.31109%; height: 18px; border-color: transparent;">:</td>\r\n<td style="width: 88.9528%; height: 18px; border-color: transparent;">&nbsp;</td>\r\n</tr>\r\n<tr style="height: 18px;">\r\n<td style="width: 2.6583%; border-color: transparent; height: 18px;">&nbsp;</td>\r\n<td style="width: 1.43028%; height: 18px; border-color: transparent;">e.</td>\r\n<td style="width: 24.8711%; height: 18px; border-color: transparent;">Tempat, Tgl Lahir</td>\r\n<td style="width: 1.31109%; height: 18px; border-color: transparent;">:</td>\r\n<td style="width: 88.9528%; height: 18px; border-color: transparent;">&nbsp;</td>\r\n</tr>\r\n<tr style="height: 18px;">\r\n<td style="width: 2.6583%; border-color: transparent; height: 18px;">&nbsp;</td>\r\n<td style="width: 1.43028%; height: 18px; border-color: transparent;">f.</td>\r\n<td style="width: 24.8711%; height: 18px; border-color: transparent;">Bangsa</td>\r\n<td style="width: 1.31109%; height: 18px; border-color: transparent;">:</td>\r\n<td style="width: 88.9528%; height: 18px; border-color: transparent;">&nbsp;</td>\r\n</tr>\r\n<tr style="height: 18px;">\r\n<td style="width: 2.6583%; border-color: transparent; height: 18px;">&nbsp;</td>\r\n<td style="width: 1.43028%; height: 18px; border-color: transparent;">g.</td>\r\n<td style="width: 24.8711%; height: 18px; border-color: transparent;">Agama</td>\r\n<td style="width: 1.31109%; height: 18px; border-color: transparent;">:</td>\r\n<td style="width: 88.9528%; height: 18px; border-color: transparent;">&nbsp;</td>\r\n</tr>\r\n<tr style="height: 18px;">\r\n<td style="width: 2.6583%; height: 18px; border-color: transparent;">&nbsp;</td>\r\n<td style="width: 1.43028%; height: 18px; border-color: transparent;">h.</td>\r\n<td style="width: 24.8711%; height: 18px; border-color: transparent;">Tempat tinggal</td>\r\n<td style="width: 1.31109%; height: 18px; border-color: transparent;">:</td>\r\n<td style="width: 88.9528%; height: 18px; border-color: transparent;">&nbsp;</td>\r\n</tr>\r\n<tr style="height: 18px;">\r\n<td style="width: 2.6583%; height: 18px; border-color: transparent;">&nbsp;</td>\r\n<td style="width: 1.43028%; height: 18px; border-color: transparent;">i.</td>\r\n<td style="width: 24.8711%; height: 18px; border-color: transparent;">Bapak/Wali</td>\r\n<td style="width: 1.31109%; height: 18px; border-color: transparent;">:</td>\r\n<td style="width: 88.9528%; height: 18px; border-color: transparent;">&nbsp;</td>\r\n</tr>\r\n<tr style="height: 18px;">\r\n<td style="width: 2.6583%; height: 18px; border-color: transparent;">&nbsp;</td>\r\n<td style="width: 1.43028%; height: 18px; border-color: transparent;">&nbsp;</td>\r\n<td style="width: 24.8711%; height: 18px; border-color: transparent;">1. Nama</td>\r\n<td style="width: 1.31109%; height: 18px; border-color: transparent;">:</td>\r\n<td style="width: 88.9528%; height: 18px; border-color: transparent;">&nbsp;</td>\r\n</tr>\r\n<tr style="height: 18px;">\r\n<td style="width: 2.6583%; height: 18px; border-color: transparent;">&nbsp;</td>\r\n<td style="width: 1.43028%; height: 18px; border-color: transparent;">&nbsp;</td>\r\n<td style="width: 24.8711%; height: 18px; border-color: transparent;">2. Pekerjaan</td>\r\n<td style="width: 1.31109%; height: 18px; border-color: transparent;">:</td>\r\n<td style="width: 88.9528%; height: 18px; border-color: transparent;">&nbsp;</td>\r\n</tr>\r\n<tr style="height: 18px;">\r\n<td style="width: 2.6583%; height: 18px; border-color: transparent;">&nbsp;</td>\r\n<td style="width: 1.43028%; height: 18px; border-color: transparent;">&nbsp;</td>\r\n<td style="width: 24.8711%; height: 18px; border-color: transparent;">3. Alamat</td>\r\n<td style="width: 1.31109%; height: 18px; border-color: transparent;">:</td>\r\n<td style="width: 88.9528%; height: 18px; border-color: transparent;">&nbsp;</td>\r\n</tr>\r\n<tr style="height: 18px;">\r\n<td style="width: 2.6583%; height: 18px; border-color: transparent;">&nbsp;</td>\r\n<td style="width: 1.43028%; height: 18px; border-color: transparent;">j.</td>\r\n<td style="width: 24.8711%; height: 18px; border-color: transparent;">Ibu</td>\r\n<td style="width: 1.31109%; height: 18px; border-color: transparent;">:</td>\r\n<td style="width: 88.9528%; height: 18px; border-color: transparent;">&nbsp;</td>\r\n</tr>\r\n<tr style="height: 18px;">\r\n<td style="width: 2.6583%; height: 18px; border-color: transparent;">&nbsp;</td>\r\n<td style="width: 1.43028%; height: 18px; border-color: transparent;">&nbsp;</td>\r\n<td style="width: 24.8711%; height: 18px; border-color: transparent;">1. Nama</td>\r\n<td style="width: 1.31109%; height: 18px; border-color: transparent;">:</td>\r\n<td style="width: 88.9528%; height: 18px; border-color: transparent;">&nbsp;</td>\r\n</tr>\r\n<tr style="height: 18px;">\r\n<td style="width: 2.6583%; height: 18px; border-color: transparent;">&nbsp;</td>\r\n<td style="width: 1.43028%; height: 18px; border-color: transparent;">&nbsp;</td>\r\n<td style="width: 24.8711%; height: 18px; border-color: transparent;">2. Pekerjaan</td>\r\n<td style="width: 1.31109%; height: 18px; border-color: transparent;">:</td>\r\n<td style="width: 88.9528%; height: 18px; border-color: transparent;">&nbsp;</td>\r\n</tr>\r\n<tr style="height: 18px;">\r\n<td style="width: 2.6583%; height: 18px; border-color: transparent;">&nbsp;</td>\r\n<td style="width: 1.43028%; height: 18px; border-color: transparent;">&nbsp;</td>\r\n<td style="width: 24.8711%; height: 18px; border-color: transparent;">3. Alamat</td>\r\n<td style="width: 1.31109%; height: 18px; border-color: transparent;">:</td>\r\n<td style="width: 88.9528%; height: 18px; border-color: transparent;">&nbsp;</td>\r\n</tr>\r\n</tbody>\r\n</table>\r\n<p style="text-align: center;">UNTUK MENIKAH DENGAN</p>\r\n<table style="height: 254px; width: 112.549%; border-collapse: collapse; border-color: transparent;" border="1">\r\n<tbody>\r\n<tr style="height: 18px;">\r\n<td style="width: 3.01111%; border-color: transparent; height: 18px;">&nbsp;</td>\r\n<td style="width: 1.15875%; height: 18px; border-color: transparent;">a.</td>\r\n<td style="width: 23.8999%; height: 18px; border-color: transparent;">Nama</td>\r\n<td style="width: 1.30378%; height: 18px; border-color: transparent;">:</td>\r\n<td style="width: 85.031%; height: 18px; border-color: transparent;">&nbsp;</td>\r\n</tr>\r\n<tr style="height: 18px;">\r\n<td style="width: 3.01111%; height: 18px; border-color: transparent;">&nbsp;</td>\r\n<td style="width: 1.15875%; height: 18px; border-color: transparent;">b.</td>\r\n<td style="width: 23.8999%; height: 18px; border-color: transparent;">Tempat, Tgl Lahir</td>\r\n<td style="width: 1.30378%; height: 18px; border-color: transparent;">:</td>\r\n<td style="width: 85.031%; height: 18px; border-color: transparent;">&nbsp;</td>\r\n</tr>\r\n<tr style="height: 18px;">\r\n<td style="width: 3.01111%; border-color: transparent; height: 18px;">&nbsp;</td>\r\n<td style="width: 1.15875%; border-color: transparent; height: 18px;">c.</td>\r\n<td style="width: 23.8999%; border-color: transparent; height: 18px;">Pekerjaan</td>\r\n<td style="width: 1.30378%; border-color: transparent; height: 18px;">:</td>\r\n<td style="width: 85.031%; border-color: transparent; height: 18px;">&nbsp;</td>\r\n</tr>\r\n<tr style="height: 18px;">\r\n<td style="width: 3.01111%; border-color: transparent; height: 18px;">&nbsp;</td>\r\n<td style="width: 1.15875%; border-color: transparent; height: 18px;">d.</td>\r\n<td style="width: 23.8999%; border-color: transparent; height: 18px;">Bangsa</td>\r\n<td style="width: 1.30378%; border-color: transparent; height: 18px;">:</td>\r\n<td style="width: 85.031%; border-color: transparent; height: 18px;">&nbsp;</td>\r\n</tr>\r\n<tr style="height: 18px;">\r\n<td style="width: 3.01111%; border-color: transparent; height: 18px;">&nbsp;</td>\r\n<td style="width: 1.15875%; border-color: transparent; height: 18px;">e.</td>\r\n<td style="width: 23.8999%; border-color: transparent; height: 18px;">Agama</td>\r\n<td style="width: 1.30378%; border-color: transparent; height: 18px;">:</td>\r\n<td style="width: 85.031%; border-color: transparent; height: 18px;">&nbsp;</td>\r\n</tr>\r\n<tr style="height: 18px;">\r\n<td style="width: 3.01111%; border-color: transparent; height: 18px;">&nbsp;</td>\r\n<td style="width: 1.15875%; border-color: transparent; height: 18px;">f.</td>\r\n<td style="width: 23.8999%; border-color: transparent; height: 18px;">Tempat tinggal</td>\r\n<td style="width: 1.30378%; border-color: transparent; height: 18px;">:</td>\r\n<td style="width: 85.031%; border-color: transparent; height: 18px;">&nbsp;</td>\r\n</tr>\r\n<tr style="height: 18px;">\r\n<td style="width: 3.01111%; border-color: transparent; height: 18px;">&nbsp;</td>\r\n<td style="width: 1.15875%; border-color: transparent; height: 18px;">g.</td>\r\n<td style="width: 23.8999%; border-color: transparent; height: 18px;">Bapak/Wali :</td>\r\n<td style="width: 1.30378%; border-color: transparent; height: 18px;">&nbsp;</td>\r\n<td style="width: 85.031%; border-color: transparent; height: 18px;">&nbsp;</td>\r\n</tr>\r\n<tr style="height: 18px;">\r\n<td style="width: 3.01111%; border-color: transparent; height: 18px;">&nbsp;</td>\r\n<td style="width: 1.15875%; border-color: transparent; height: 18px;">&nbsp;</td>\r\n<td style="width: 23.8999%; border-color: transparent; height: 18px;">1. Nama</td>\r\n<td style="width: 1.30378%; border-color: transparent; height: 18px;">:</td>\r\n<td style="width: 85.031%; border-color: transparent; height: 18px;">&nbsp;</td>\r\n</tr>\r\n<tr style="height: 18px;">\r\n<td style="width: 3.01111%; border-color: transparent; height: 18px;">&nbsp;</td>\r\n<td style="width: 1.15875%; border-color: transparent; height: 18px;">&nbsp;</td>\r\n<td style="width: 23.8999%; border-color: transparent; height: 18px;">2. Pekerjaan</td>\r\n<td style="width: 1.30378%; border-color: transparent; height: 18px;">:</td>\r\n<td style="width: 85.031%; border-color: transparent; height: 18px;">&nbsp;</td>\r\n</tr>\r\n<tr style="height: 18px;">\r\n<td style="width: 3.01111%; border-color: transparent; height: 18px;">&nbsp;</td>\r\n<td style="width: 1.15875%; border-color: transparent; height: 18px;">&nbsp;</td>\r\n<td style="width: 23.8999%; border-color: transparent; height: 18px;">3. Alamat</td>\r\n<td style="width: 1.30378%; border-color: transparent; height: 18px;">:</td>\r\n<td style="width: 85.031%; border-color: transparent; height: 18px;">&nbsp;</td>\r\n</tr>\r\n<tr style="height: 18px;">\r\n<td style="width: 3.01111%; border-color: transparent; height: 18px;">&nbsp;</td>\r\n<td style="width: 1.15875%; border-color: transparent; height: 18px;">h.</td>\r\n<td style="width: 23.8999%; border-color: transparent; height: 18px;">Ibu</td>\r\n<td style="width: 1.30378%; border-color: transparent; height: 18px;">&nbsp;</td>\r\n<td style="width: 85.031%; border-color: transparent; height: 18px;">&nbsp;</td>\r\n</tr>\r\n<tr style="height: 18px;">\r\n<td style="width: 3.01111%; border-color: transparent; height: 18px;">&nbsp;</td>\r\n<td style="width: 1.15875%; border-color: transparent; height: 18px;">&nbsp;</td>\r\n<td style="width: 23.8999%; border-color: transparent; height: 18px;">1. Nama</td>\r\n<td style="width: 1.30378%; border-color: transparent; height: 18px;">:</td>\r\n<td style="width: 85.031%; border-color: transparent; height: 18px;">&nbsp;</td>\r\n</tr>\r\n<tr style="height: 18px;">\r\n<td style="width: 3.01111%; border-color: transparent; height: 18px;">&nbsp;</td>\r\n<td style="width: 1.15875%; border-color: transparent; height: 18px;">&nbsp;</td>\r\n<td style="width: 23.8999%; border-color: transparent; height: 18px;">2. Pekerjaan</td>\r\n<td style="width: 1.30378%; border-color: transparent; height: 18px;">:</td>\r\n<td style="width: 85.031%; border-color: transparent; height: 18px;">&nbsp;</td>\r\n</tr>\r\n<tr style="height: 18px;">\r\n<td style="width: 3.01111%; border-color: transparent; height: 18px;">&nbsp;</td>\r\n<td style="width: 1.15875%; border-color: transparent; height: 18px;">&nbsp;</td>\r\n<td style="width: 23.8999%; border-color: transparent; height: 18px;">3. Alamat</td>\r\n<td style="width: 1.30378%; border-color: transparent; height: 18px;">:</td>\r\n<td style="width: 85.031%; border-color: transparent; height: 18px;">&nbsp;</td>\r\n</tr>\r\n<tr>\r\n<td style="width: 3.01111%; border-color: transparent;">&nbsp;</td>\r\n<td style="width: 1.15875%; border-color: transparent;">&nbsp;</td>\r\n<td style="width: 23.8999%; border-color: transparent;">&nbsp;</td>\r\n<td style="width: 1.30378%; border-color: transparent;">&nbsp;</td>\r\n<td style="width: 85.031%; border-color: transparent;">&nbsp;</td>\r\n</tr>\r\n<tr>\r\n<td style="width: 3.01111%; border-color: transparent;">2.</td>\r\n<td style="width: 111.393%; border-color: transparent;" colspan="4">Pernikahan akan dilangsungkan</td>\r\n</tr>\r\n<tr>\r\n<td style="width: 3.01111%; border-color: transparent;">&nbsp;</td>\r\n<td style="width: 1.15875%; border-color: transparent;">a.</td>\r\n<td style="width: 23.8999%; border-color: transparent;">Di</td>\r\n<td style="width: 1.30378%; border-color: transparent;">:</td>\r\n<td style="width: 85.031%; border-color: transparent;">&nbsp;</td>\r\n</tr>\r\n<tr>\r\n<td style="width: 3.01111%; border-color: transparent;">&nbsp;</td>\r\n<td style="width: 1.15875%; border-color: transparent;">b.</td>\r\n<td style="width: 23.8999%; border-color: transparent;">Pada Tanggal</td>\r\n<td style="width: 1.30378%; border-color: transparent;">:</td>\r\n<td style="width: 85.031%; border-color: transparent;">&nbsp;</td>\r\n</tr>\r\n<tr>\r\n<td style="width: 3.01111%; border-color: transparent;">3.</td>\r\n<td style="width: 1.15875%; border-color: transparent;" colspan="4">Surat izin ini berlaku selama waktu enam bulan terhitung sejak hari dikeluarkan.</td>\r\n</tr>\r\n</tbody>\r\n</table>\r\n<p>&nbsp;</p>\r\n<p style="text-align: right;">&nbsp;</p>\r\n<p style="text-align: left;">&nbsp; &nbsp; &nbsp; &nbsp; &nbsp; &nbsp; &nbsp; &nbsp; &nbsp; &nbsp; &nbsp; &nbsp; &nbsp; &nbsp; &nbsp; &nbsp; &nbsp; &nbsp; &nbsp; &nbsp; &nbsp; &nbsp; &nbsp; &nbsp; &nbsp; &nbsp; &nbsp; &nbsp; &nbsp; &nbsp; &nbsp; &nbsp; &nbsp; &nbsp; &nbsp; &nbsp; &nbsp; &nbsp; &nbsp; &nbsp; &nbsp; &nbsp; &nbsp; &nbsp; &nbsp; &nbsp; &nbsp; &nbsp; &nbsp; &nbsp; &nbsp; &nbsp; &nbsp; &nbsp; &nbsp;&nbsp; <br />&nbsp; &nbsp; &nbsp; &nbsp; &nbsp; &nbsp; &nbsp; &nbsp; &nbsp; &nbsp; &nbsp; &nbsp; &nbsp; &nbsp; &nbsp; &nbsp; &nbsp; &nbsp; &nbsp; &nbsp; &nbsp; &nbsp; &nbsp; &nbsp; &nbsp; &nbsp; &nbsp; &nbsp; &nbsp; &nbsp; &nbsp; &nbsp; &nbsp; &nbsp; &nbsp; &nbsp; &nbsp; &nbsp; &nbsp; &nbsp; &nbsp; &nbsp; &nbsp; &nbsp; &nbsp; &nbsp; &nbsp; &nbsp; &nbsp; &nbsp; &nbsp; &nbsp; &nbsp; &nbsp; &nbsp;&nbsp;&nbsp; &nbsp; &nbsp; &nbsp; &nbsp; &nbsp; &nbsp; &nbsp; &nbsp;&nbsp; </p>\r\n<table style="height: 244px; width: 100%; border-collapse: collapse; border-color: TRANSPARENT;" border="1">\r\n<tbody>\r\n<tr style="height: 18px;">\r\n<td style="width: 49.8696%; height: 18px; border-color: transparent;">&nbsp;</td>\r\n<td style="width: 50.1304%; height: 18px; text-align: center; border-color: transparent;">Dikeluarkan di Jakarta <br />Pada tanggal, <br />Kepala Pushidrosal,</td>\r\n</tr>\r\n<tr style="height: 18px;">\r\n<td style="width: 49.8696%; height: 18px; border-color: transparent;">&nbsp;</td>\r\n<td style="width: 50.1304%; text-align: center; height: 18px; border-color: transparent;">&nbsp;</td>\r\n</tr>\r\n<tr style="height: 162px;">\r\n<td style="width: 49.8696%; height: 162px; border-color: transparent;">&nbsp;</td>\r\n<td style="width: 50.1304%; height: 162px; border-color: transparent;">&nbsp;</td>\r\n</tr>\r\n<tr style="height: 64px;">\r\n<td style="width: 49.8696%; height: 64px; border-color: transparent;">&nbsp;</td>\r\n<td style="width: 50.1304%; height: 64px; border-color: transparent;">\r\n<p style="text-align: center;">Harjo Susmoro<br />Laksamana Pertama TNI</p>\r\n</td>\r\n</tr>\r\n</tbody>\r\n</table>\r\n<p><br />&nbsp;</p>\r\n<p>&nbsp;</p>
17	SERTIFIKASI	<p style="text-align: center;"><span style="font-family: arial, helvetica, sans-serif;"><strong><span style="font-size: 13pt;">TENTARA NASIONAL INDONESIA ANGKATAN LAUT</span></strong></span></p>\r\n<p style="text-align: center; margin-top: -15px;"><span style="font-family: arial, helvetica, sans-serif;"><strong><span style="font-size: 13pt;">PUSAT HIDROGRAFI DAN OSEANOGRAFI</span></strong></span></p>\r\n<p style="text-align: center; margin-top: 30px;"><span style="font-family: arial, helvetica, sans-serif;">Memberikan</span></p>\r\n<p style="text-align: center; margin-top: -15px;"><span style="font-size: 18pt; font-family: arial, helvetica, sans-serif;"><strong>SERTIFIKAT</strong></span></p>\r\n<p style="text-align: center; margin-top: -15px;"><span style="font-family: arial, helvetica, sans-serif;">Nomor B/ &nbsp; &nbsp; &nbsp; &nbsp;/IX/2017</span></p>\r\n<p style="text-align: center;"><span style="font-family: arial, helvetica, sans-serif;">Kepada</span></p>\r\n<p style="text-align: center; margin-top: 20px;"><span style="font-family: arial, helvetica, sans-serif;"><strong><span style="font-size: 17pt;">Ryande Kresna Viragandrya</span></strong></span></p>\r\n<p style="text-align: center; margin-top: 20px;"><span style="font-family: arial, helvetica, sans-serif;">Melaksanakan Magang (Kerja Praktek) di Ditopssorta Pushidrosal,</span></p>\r\n<p style="text-align: center;"><span style="font-family: arial, helvetica, sans-serif;">tanggal 14 s.d 6 September 2017, dengan Kajian "Proses Instalasi Multibeam hingga</span></p>\r\n<p style="text-align: center;"><span style="font-family: arial, helvetica, sans-serif;">Proses Pengolahan Data"</span></p>\r\n<p style="text-align: right; margin-right: 100px;"><span style="font-family: arial, helvetica, sans-serif; margin-right: 10px;">Jakarta, &nbsp; &nbsp; &nbsp; &nbsp;September 2017</span><br /><span style="font-family: arial, helvetica, sans-serif; margin-right: 25px;"> a.n. Kepala Pushidrosal</span><br /><span style="font-family: arial, helvetica, sans-serif; margin-right: 80px;"> Waka</span><br /><span style="font-family: arial, helvetica, sans-serif; margin-right: 85px;"> u.b.</span><br /><span style="font-family: arial, helvetica, sans-serif; margin-right: 70px;"> Kasetum,</span><br /><br /> <br /> <br /> <br /><span style="font-family: arial, helvetica, sans-serif; margin-right: 30px;"> Muddan Zayadi, S.Si</span><br /><span style="font-family: arial, helvetica, sans-serif;"> Letkol Laut (KH) NRP 13100/P</span></p>
20	asd"	<p>asd"</p>
21	sad	<h1 style="color: #ff0000;">asd</h1>
7		<p>&nbsp;</p>\r\n<table style="width: 100%; border-collapse: collapse; border-color: transparent;" border="1">\r\n<tbody>\r\n<tr style="height: 115px;">\r\n<td style="width: 15.8879%; padding-left: 30px; height: 115px;"><img src="https://pbs.twimg.com/profile_images/432775196479479808/xoFb5Xel_400x400.jpeg" alt="" width="106" height="106" /></td>\r\n<td style="width: 84.1121%; text-align: center; height: 115px;">\r\n<p><strong>THE INDONEISA NAVY<br />HYDROGRAPHIC AND OCEANOGRAPHIC CENTER<br /></strong>Jl. Pantai Kuta V/1 Jakarta 14430</p>\r\n<p><strong>INDONESIA</strong></p>\r\n<p>E-Mail : infohid@dishidros.go.id<br /><strong><br /></strong></p>\r\n</td>\r\n</tr>\r\n</tbody>\r\n</table>\r\n<hr />\r\n<p>Reference</p>\r\n<p style="text-align: center;">SURAT JALAN<br />Nomor : <em>3015/IX/2017</em></p>\r\n<p>Kepada Yth.<br />Ibu Amalia<br />0856-5964-8385<br />BP2IP Tanggerang<br /><br /></p>\r\n<p>Dengan hormat,<br />Dengan surat ini kami mengirimkan barang-barang pesanan dari saudara, dengan rincian barang sebagai berikut</p>\r\n<table style="border-collapse: collapse; width: 100%;" border="1">\r\n<tbody>\r\n<tr>\r\n<td style="width: 10.1157%;">No</td>\r\n<td style="width: 61.8526%;">Jenis Barang</td>\r\n<td style="width: 28.0316%;">Jumlah</td>\r\n</tr>\r\n<tr>\r\n<td style="width: 10.1157%;">&nbsp;</td>\r\n<td style="width: 61.8526%;">&nbsp;</td>\r\n<td style="width: 28.0316%;">&nbsp;</td>\r\n</tr>\r\n<tr>\r\n<td style="width: 10.1157%;">&nbsp;</td>\r\n<td style="width: 61.8526%;">&nbsp;</td>\r\n<td style="width: 28.0316%;">&nbsp;</td>\r\n</tr>\r\n</tbody>\r\n</table>\r\n<p>Mohon diperiksa kembali keadaan barang dan diterima</p>\r\n<table style="width: 100%; border-collapse: collapse; border-color: transparent;" border="1">\r\n<tbody>\r\n<tr>\r\n<td style="width: 51.8692%; text-align: center;">\r\n<p>Pengemudi<br /><br /><br /><br /><br />Name</p>\r\n</td>\r\n<td style="width: 48.1308%; text-align: center;">Pengirim<br /><br /><br /><br /><br />Name</td>\r\n</tr>\r\n</tbody>\r\n</table>\r\n<p>&nbsp;</p>\r\n<p>Barang Telah diterima pada tanggal: September 2017<br /><br />Penerima.</p>\r\n<p>&nbsp;</p>\r\n<p>&nbsp;</p>\r\n<p>Ibu Amalia<br />Bp2IP Tangerang</p>
\.


--
-- TOC entry 3039 (class 0 OID 0)
-- Dependencies: 251
-- Name: master_surat_keluar_id_master_surat_keluar_seq; Type: SEQUENCE SET; Schema: notadinas; Owner: postgres
--

SELECT pg_catalog.setval('master_surat_keluar_id_master_surat_keluar_seq', 21, true);


--
-- TOC entry 2923 (class 0 OID 86009)
-- Dependencies: 252
-- Data for Name: master_surat_masuk; Type: TABLE DATA; Schema: notadinas; Owner: postgres
--

COPY master_surat_masuk (id_master_surat_masuk, jenis_surat_masuk, isi_surat_masuk) FROM stdin;
1	Surat Masuk Biasa	\N
2	Surat Masuk Rahasia	\N
3	Telegram Biasa	\N
5	Surat Masuk Luar Negeri	\N
6	Surat Masuk Undangan	\N
4	Telegram Rahasia	\N
\.


--
-- TOC entry 3040 (class 0 OID 0)
-- Dependencies: 253
-- Name: master_surat_masuk_id_master_surat_masuk_seq; Type: SEQUENCE SET; Schema: notadinas; Owner: postgres
--

SELECT pg_catalog.setval('master_surat_masuk_id_master_surat_masuk_seq', 3, true);


--
-- TOC entry 2925 (class 0 OID 86017)
-- Dependencies: 254
-- Data for Name: master_task; Type: TABLE DATA; Schema: notadinas; Owner: postgres
--

COPY master_task (id_task, id_etask, nama_task, eoffice_rk, object_id) FROM stdin;
1	607	Mengeluarkan Direktif Operasi 2018	Mengeluarkan Direktif Operasi	964
\.


--
-- TOC entry 2926 (class 0 OID 86023)
-- Dependencies: 255
-- Data for Name: master_tingkatan; Type: TABLE DATA; Schema: notadinas; Owner: postgres
--

COPY master_tingkatan (id, nama_tingkatan) FROM stdin;
1	KADIS
2	KASUBDIS
\.


--
-- TOC entry 3041 (class 0 OID 0)
-- Dependencies: 256
-- Name: master_tingkatan_id_seq; Type: SEQUENCE SET; Schema: notadinas; Owner: postgres
--

SELECT pg_catalog.setval('master_tingkatan_id_seq', 1, false);


--
-- TOC entry 2928 (class 0 OID 86031)
-- Dependencies: 257
-- Data for Name: master_tujuan; Type: TABLE DATA; Schema: notadinas; Owner: postgres
--

COPY master_tujuan (id, nama) FROM stdin;
16	KADISMAT
17	Kementrian Dalam Negeri
18	MNF
19	Kementrian Luar Negeri
20	Kemendagri
21	dari presiden
22	KKP
23	Kementerian Kelautan
25	bkpm
28	kemenkeu
29	kementrian kelautan dan perikanan
30	KEMENKEU
31	kementrian keuangan
32	DPR RI
33	Badan Pertanahan Nasional
34	Badan Pertanahan Nasional
35	Kementrian Keuangan
36	BKPM
37	Mabes TNI AL
38	Kadismatal
39	Kadismatal
40	Dinas Pembekalan Mabes TNI
41	Kementerian Keuangan RI
42	kemenkeu
43	Dispenal
44	Kadispenal
45	Kadispen Kolinlamil
46	Kementrian Lingkungan Hidup dan Kehutanan
47	Asops Pangarmabar
48	Pangarmabar
49	BMKG
50	BMKG
51	Godz
52	Damns
53	qq
56	sfd"
57	sssss
58	LAPAN
59	LAPANA
60	Lembaga Nasional Penerbangan
24	biggest
\.


--
-- TOC entry 3042 (class 0 OID 0)
-- Dependencies: 258
-- Name: master_tujuan_id_seq; Type: SEQUENCE SET; Schema: notadinas; Owner: postgres
--

SELECT pg_catalog.setval('master_tujuan_id_seq', 60, true);


--
-- TOC entry 2930 (class 0 OID 86039)
-- Dependencies: 259
-- Data for Name: master_user; Type: TABLE DATA; Schema: notadinas; Owner: postgres
--

COPY master_user (id, username, password, nama_lengkap, email, no_telp, jabatan, status_jabatan, level) FROM stdin;
3	kadis_info	6ed731ae91a8c12ac3a8d263b18f8a85	KADIS INFOLAHTA 1	meynalda.2105@gmail.com	08323283828	3	1	Admin
7	inspektur	6ed731ae91a8c12ac3a8d263b18f8a85	INSPEKTUR	meynalda.2105@gmail.com	086123213120938	6	1	Admin
8	koorsahli	6ed731ae91a8c12ac3a8d263b18f8a85	KOORSAHLI	meynalda.2105@gmail.com	086123213120938	7	1	Admin
9	dirrena	6ed731ae91a8c12ac3a8d263b18f8a85	DIRRENA	meynalda.2105@gmail.com	086123213120938	8	1	Admin
10	dirpamkestra	6ed731ae91a8c12ac3a8d263b18f8a85	DIRPAMKESAMTAS	meynalda.2105@gmail.com	086123213120938	9	1	Admin
11	diropssustra	6ed731ae91a8c12ac3a8d263b18f8a85	DIROPSSURTA	meynalda.2105@gmail.com	086123213120938	10	1	Admin
12	dirpers	6ed731ae91a8c12ac3a8d263b18f8a85	DIRPERS	meynalda.2105@gmail.com	086123213120938	11	1	Admin
13	dirlog	6ed731ae91a8c12ac3a8d263b18f8a85	DIRLOG	meynalda.2105@gmail.com	086123213120938	12	1	Admin
14	kabagkum	6ed731ae91a8c12ac3a8d263b18f8a85	KABAGKUM	meynalda.2105@gmail.com	086123213120938	13	1	Admin
15	dandenma	6ed731ae91a8c12ac3a8d263b18f8a85	DANDENMA	meynalda.2105@gmail.com	086123213120938	14	1	Admin
16	kaakun	6ed731ae91a8c12ac3a8d263b18f8a85	KAAKUN	meynalda.2105@gmail.com	086123213120938	15	1	Admin
17	kasatkom	6ed731ae91a8c12ac3a8d263b18f8a85	KASATKOM	meynalda.2105@gmail.com	086123213120938	16	1	Admin
20	kadis peta	6ed731ae91a8c12ac3a8d263b18f8a85	KADIS PETA	meynalda.2105@gmail.com	086123213120938	19	1	Admin
21	kadis nautika	6ed731ae91a8c12ac3a8d263b18f8a85	KADIS NAUTIKA	meynalda.2105@gmail.com	086123213120938	20	1	Admin
22	kadis osemet	6ed731ae91a8c12ac3a8d263b18f8a85	KADIS OSEMET	meynalda.2105@gmail.com	086123213120938	21	1	Admin
24	kadis minpers	6ed731ae91a8c12ac3a8d263b18f8a85	KADIS MINPERS	meynalda.2105@gmail.com	086123213120938	23	1	Admin
25	kadis mat	6ed731ae91a8c12ac3a8d263b18f8a85	KADIS MAT	meynalda.2105@gmail.com	086123213120938	24	1	Admin
27	dansatsurvei	6ed731ae91a8c12ac3a8d263b18f8a85	DANSATSURVEI	meynalda.2105@gmail.com	086123213120938	26	1	Admin
28	wadansatsurvei	6ed731ae91a8c12ac3a8d263b18f8a85	WADANSATSURVEI	meynalda.2105@gmail.com	086123213120938	27	1	Admin
18	kadis_pam	6ed731ae91a8c12ac3a8d263b18f8a85	KADIS PAM	meynalda.2105@gmail.com	086123213120938	17	1	Admin
19	kadis hidro	6ed731ae91a8c12ac3a8d263b18f8a85	KADIS HIDRO 	meynalda.2105@gmail.com	086123213120938	18	1	Admin
23	kadis prodisi	6ed731ae91a8c12ac3a8d263b18f8a85	KADIS PRODISI	meynalda.2105@gmail.com	086123213120938	22	1	Admin
6	koorsmin	6ed731ae91a8c12ac3a8d263b18f8a85	KOORSMIN	meynalda.2105@gmail.com	086123213120938	5	1	Admin
29	wakapushidrosal	6ed731ae91a8c12ac3a8d263b18f8a85	WAKAPUSHIDROSAL	meynalda.2105@gmail.com	086123213120938	28	1	Admin
31	dirrena_subdis	6ed731ae91a8c12ac3a8d263b18f8a85	asdfg	meynalda.2105@gmail.com	08319219381	31	1	Admin
30	dirlog_subdis	6ed731ae91a8c12ac3a8d263b18f8a85	dirlog	meynalda.2105@gmail.com	08319219381	29	1	Admin
2	kapushidrosal	6ed731ae91a8c12ac3a8d263b18f8a85	KAPUSHIDROSAL	meynalda.2105@gmail.com	082381838131	1	1	Admin
5	admin	6ed731ae91a8c12ac3a8d263b18f8a85	admin	meynalda.2105@gmail.com	086123213120938	0	1	Super Admin
1	setum	6ed731ae91a8c12ac3a8d263b18f8a85	ADMIN SETUM	meynalda.2105@gmail.com	08987427477	2	1	Admin
\.


--
-- TOC entry 3043 (class 0 OID 0)
-- Dependencies: 260
-- Name: master_user_id_seq; Type: SEQUENCE SET; Schema: notadinas; Owner: postgres
--

SELECT pg_catalog.setval('master_user_id_seq', 1, false);


--
-- TOC entry 2932 (class 0 OID 86047)
-- Dependencies: 261
-- Data for Name: nota_dinas; Type: TABLE DATA; Schema: notadinas; Owner: postgres
--

COPY nota_dinas (id, tgl_surat, instansi, no_surat, perihal, keterangan, kepada, isi, klasifikasi, drajat, status_notadinas, create_by, file_attachment, kegiatan_id, staf_tugas, opened, tgl_setum, no_agenda, no_lampiran, jenis_surat, tgl_mulai_tugas, tgl_akhir_tugas, ka_waka_setum, nama_tujuan) FROM stdin;
\.


--
-- TOC entry 3044 (class 0 OID 0)
-- Dependencies: 262
-- Name: nota_dinas_id_seq; Type: SEQUENCE SET; Schema: notadinas; Owner: postgres
--

SELECT pg_catalog.setval('nota_dinas_id_seq', 1, false);


--
-- TOC entry 2934 (class 0 OID 86055)
-- Dependencies: 263
-- Data for Name: notif_sk; Type: TABLE DATA; Schema: notadinas; Owner: postgres
--

COPY notif_sk (id_notif, "user", surat) FROM stdin;
\.


--
-- TOC entry 3045 (class 0 OID 0)
-- Dependencies: 264
-- Name: notif_sk_id_notif_seq; Type: SEQUENCE SET; Schema: notadinas; Owner: postgres
--

SELECT pg_catalog.setval('notif_sk_id_notif_seq', 1, false);


--
-- TOC entry 2936 (class 0 OID 86060)
-- Dependencies: 265
-- Data for Name: notif_sm; Type: TABLE DATA; Schema: notadinas; Owner: postgres
--

COPY notif_sm (id_notif, "user", surat) FROM stdin;
\.


--
-- TOC entry 3046 (class 0 OID 0)
-- Dependencies: 266
-- Name: notif_sm_id_notif_seq; Type: SEQUENCE SET; Schema: notadinas; Owner: postgres
--

SELECT pg_catalog.setval('notif_sm_id_notif_seq', 1, false);


--
-- TOC entry 2938 (class 0 OID 86065)
-- Dependencies: 267
-- Data for Name: surat_antar_kadis; Type: TABLE DATA; Schema: notadinas; Owner: postgres
--

COPY surat_antar_kadis (id, tgl_surat, no_surat, perihal, keterangan, isi, status_surat_antar_kadis, create_by, file_attachment, kepada, klasifikasi, derajat, opened, dari) FROM stdin;
\.


--
-- TOC entry 3047 (class 0 OID 0)
-- Dependencies: 268
-- Name: surat_antar_kadis_id_seq; Type: SEQUENCE SET; Schema: notadinas; Owner: postgres
--

SELECT pg_catalog.setval('surat_antar_kadis_id_seq', 1, false);


--
-- TOC entry 2940 (class 0 OID 86073)
-- Dependencies: 269
-- Data for Name: surat_keluar; Type: TABLE DATA; Schema: notadinas; Owner: postgres
--

COPY surat_keluar (id, tgl_surat, no_surat, perihal, keterangan, isi, status_surat_keluar, create_by, file_attachment, kepada, klasifikasi, derajat, opened, dari, signature, jenis_surat) FROM stdin;
\.


--
-- TOC entry 3048 (class 0 OID 0)
-- Dependencies: 270
-- Name: surat_keluar_id_seq; Type: SEQUENCE SET; Schema: notadinas; Owner: postgres
--

SELECT pg_catalog.setval('surat_keluar_id_seq', 1, false);


--
-- TOC entry 2942 (class 0 OID 86081)
-- Dependencies: 271
-- Data for Name: surat_masuk; Type: TABLE DATA; Schema: notadinas; Owner: postgres
--

COPY surat_masuk (id, tgl_surat, instansi, no_surat, perihal, keterangan, kepada, no_setum, tgl_setum, klasifikasi, drajat, status_surat_masuk, create_by, file_attachment, opened, id_ruang, id_rak, id_box, baris, id_jenis_surat_masuk, id_lemari, id_workspace, id_taks) FROM stdin;
\.


--
-- TOC entry 3049 (class 0 OID 0)
-- Dependencies: 272
-- Name: surat_masuk_id_seq; Type: SEQUENCE SET; Schema: notadinas; Owner: postgres
--

SELECT pg_catalog.setval('surat_masuk_id_seq', 166, true);


--
-- TOC entry 2944 (class 0 OID 86089)
-- Dependencies: 273
-- Data for Name: tembusan_nota_dinas; Type: TABLE DATA; Schema: notadinas; Owner: postgres
--

COPY tembusan_nota_dinas (id, id_jabatan, status, keterangan, id_notadinas) FROM stdin;
\.


--
-- TOC entry 3050 (class 0 OID 0)
-- Dependencies: 274
-- Name: tembusan_nota_dinas_id_seq; Type: SEQUENCE SET; Schema: notadinas; Owner: postgres
--

SELECT pg_catalog.setval('tembusan_nota_dinas_id_seq', 1, false);


--
-- TOC entry 2946 (class 0 OID 86097)
-- Dependencies: 275
-- Data for Name: tembusan_surat_antar_kadis; Type: TABLE DATA; Schema: notadinas; Owner: postgres
--

COPY tembusan_surat_antar_kadis (id, id_jabatan, status, keterangan, id_surat, tanggal) FROM stdin;
\.


--
-- TOC entry 2947 (class 0 OID 86103)
-- Dependencies: 276
-- Data for Name: tembusan_surat_antar_kadis_backup; Type: TABLE DATA; Schema: notadinas; Owner: postgres
--

COPY tembusan_surat_antar_kadis_backup (id, status, keterangan, id_surat, tanggal, id_jabatan) FROM stdin;
\.


--
-- TOC entry 3051 (class 0 OID 0)
-- Dependencies: 277
-- Name: tembusan_surat_antar_kadis_id_seq; Type: SEQUENCE SET; Schema: notadinas; Owner: postgres
--

SELECT pg_catalog.setval('tembusan_surat_antar_kadis_id_seq', 6, true);


--
-- TOC entry 3052 (class 0 OID 0)
-- Dependencies: 278
-- Name: tembusan_surat_antar_kadis_id_seq1; Type: SEQUENCE SET; Schema: notadinas; Owner: postgres
--

SELECT pg_catalog.setval('tembusan_surat_antar_kadis_id_seq1', 1, false);


--
-- TOC entry 2950 (class 0 OID 86113)
-- Dependencies: 279
-- Data for Name: tembusan_surat_keluar; Type: TABLE DATA; Schema: notadinas; Owner: postgres
--

COPY tembusan_surat_keluar (id, id_jabatan, status, keterangan, id_surat_keluar, tanggal) FROM stdin;
\.


--
-- TOC entry 3053 (class 0 OID 0)
-- Dependencies: 280
-- Name: tembusan_surat_keluar_id_seq; Type: SEQUENCE SET; Schema: notadinas; Owner: postgres
--

SELECT pg_catalog.setval('tembusan_surat_keluar_id_seq', 1, false);


--
-- TOC entry 2952 (class 0 OID 86121)
-- Dependencies: 281
-- Data for Name: tembusan_surat_masuk; Type: TABLE DATA; Schema: notadinas; Owner: postgres
--

COPY tembusan_surat_masuk (id, id_jabatan, status, keterangan, id_surat_masuk) FROM stdin;
\.


--
-- TOC entry 3054 (class 0 OID 0)
-- Dependencies: 282
-- Name: tembusan_surat_masuk_id_seq; Type: SEQUENCE SET; Schema: notadinas; Owner: postgres
--

SELECT pg_catalog.setval('tembusan_surat_masuk_id_seq', 1, false);


--
-- TOC entry 2954 (class 0 OID 86129)
-- Dependencies: 283
-- Data for Name: token_android; Type: TABLE DATA; Schema: notadinas; Owner: postgres
--

COPY token_android (id, token) FROM stdin;
15	fZ8IqZBclhU:APA91bHUOqjqQkLebXzVRo5YHKFuPKXLcBHmgnJ3eqvYmC0JbLaI9q5AnfxxYhMO68t1eB5b0pjhL_6eTeVayFiIf2WKdCvw-vbf5UqTQO3ekoYCCHXWQUt2v6QbFxOue1gCq0fgrid7
17	e9K1z-B7SWc:APA91bEWr9UcjJIY3-5buHCGB88PfgHqxpuCby9hsYxoD9PI_-J_SBZlE3iHyZCVARuYbJfZ1Zty8WvhvLx5Yz_vdSlJM9JRGgGKLGFLN1n8Av8vF6a0g1nrjGrTASqlT4A9HHdXzdUI
18	fJbXI6xFTvw:APA91bGQk3ioKFKUhzuC8YqwUkpUkJUlvtdXSiAgJAWJ2jFOQJcdGkznCWYEJs7qkyHmFVCmmsVwGI5QhVJHD8pUY9ajZviOVi3Bx6BqdV51fN3Wj0COs8h6ahNb4fBfcioqqycgU_ve
19	cvmn0Uxohg0:APA91bHBJq9uZQYR2fPSLTffKbodiX7-K7FpquMtqXk8E0QBKhTPYbsFiEeRwwnWdhk4CTSd-0TJP4eAfpT5BuisvkOwB7itYohP9Aij9jjD6m4urxfRbR9Ts3KZzEHKPMR5fIuC2TuF
27	dQdC4kvn_yU:APA91bHOpx0kdjeByw154teSMup5kWf6crot5GV_qu0ccteW0FNk6omEUJ1oEi5TSWAxOiMF5NmHaQt5gxlOUJN2ORFQwj3URKc50I9HyQ-I03H17oW00_MQSsPuyXN3aBre0Tihk0zv
28	fZzSwanrdyk:APA91bG8Xd5LpS30UqRQvnZAPaO1Bq5AJsMGlf0OcLXpBPsyM13R_jWkZSNR3zoYHtqeVFpyyhVCUhupOtu4Sbr3ySq1b7Iq08kLx1crjClq9PmwyM51Gnq2c2R8CzczZ948e1NqULR4
29	cU-_UgSXNrc:APA91bHmeZBi18KxZrxgHjVFNYD37NJoU7HNKwZ10aaABlf8Ft5M2SI2YQovZUB_tlM5TkrG8S3n4scLcoyuU2k6IMwgUu-gtUgt0Gz-F5KZvCsxG3L5niP9iyZDRoaCJUjw4TOIOtVE
30	aaaaa
31	c4vAVRLkYbU:APA91bEy1H_HVNTrQ1ZDjEUU1kYKw2-Od4DK9hizYllMZYq4vc8NfolZHfVc18y-61TllB2Lck8CrXYiY9vysNmN4AHDQ_pBcXbh1e6ROaqe87AIj2BSQRZz3djkc0-6gCXXk-S6r_-N
32	
33	fx57rXgQRaM:APA91bGNfrrxEEo2S5HB0k5hxC6t4IKC2gHsRghRmSCZwh2qnFkjAb-N1OwR-UG3DMHvL0gbArp6GBHzktPjpv1IM_B_hlBFO09HgZWxoUE7D4ac-NHnArKm6_02e-BsmlJ20tXG-pbZ
34	
35	c-5q9Pajhb8:APA91bFBZOu9bl2obXD2IBVCli_YBsfzvBY1o6UuHJuReiq05h5SKkZHc3mGXtEEF3YB6w7fWvBWTq64hDOkk_ZejeWxKkmK95FEPso5_AGXU_PMKd4Alvwd4FjB_rznrKe2Zaqr9oWX
36	
37	d5zlGGoNbMk:APA91bFwyDttF9L83mYfoCzdm98V6ZaGbALdx1yQu3N1EoiOdejhdLh4brn0eiNreoWEl5aX62IKMjsga1_U2lAbnUs75-_DX_kHsIEct-37vd7EqTJAwliIOWPeBASdBzgVZqLH9dsl
38	ck8n0STQOkI:APA91bEuA1Xlksgfpj2clFvm74o8LfKo1eko6v1uE4MshLu0o1DNvPI_cIkckYW8BskK2MufPSEyEZ3YAqZyrJi_WInjB11IOfbqQuL3CmisltLmSW6CuQz5s1mPmO3-FmyvYD86wSRl
39	eIqiMB2vKIg:APA91bHzaUPbAQFU0YvFkGkG0MvCDUoWzMFS2hT9cuINhL1Dd8UhgujOFT0muJud_VxsZKeJzg3B03vY9xNKLE1FPcfuH3O3NxjRqyQgt3UfkSqqfNaEihS89l1oBPO_Wj9QZ3sUioo9
40	dzYJ_03uutU:APA91bEZ8HzcO-NnGmc0DE3SM3miNZ4jdcZbtN_v9f4kOtoIQN_8XtYhSbDxDh2zcoqJ379_mHOe2SoSY8F0YVG7mBwXsKbNRi5JFK28ja5-h07r-EGroFrhDzMf50rcZhiN1kaPpqKS
41	dX0z3KUCX4k:APA91bGcWmiyEpVno7Fytsb9sNvdjzdzkYdwaGpBRpDCim4MVnUwVZLXOmZXzFI-oAmgh-prfI58sxcaSqHVnVZOHrRzZpmuXy6MwW_OB_OoozZjlKAFT_4eots6fjp2-udMvaO3lLCM
42	eIzwJFEOKfI:APA91bHWuIl2sbGbN6qeKYvWJy41qwvjhdLFuDLtkHX2PrvUyy6xRyiowjOyE4l2TdAX5ckq3fJRPvIAeBDtqizcQoD_gDNJjJ15_Lb79qVDlJ7IMI6dLudIYnkaKu9Tlvg0zdtGlbv_
43	fTfoTT74P1E:APA91bE9MBOh4hFhuqNGeLkAvaT9HAnauIiqTltRKOR8YzKQeYLXw9R0SHvI8HkW1ppndIbiZOfd9llWmECX_7jL8TdvZs72TQaFqyMKgUtQqBt0Tcc9Y9XcBB6Pi8kkFAsUhGf0PJYh
44	dX0z3KUCX4k:APA91bFVbbfx43nK-sfOG0278vanSDNVRyoM5j6aLJBPkZ7Btbzvyis_55p9MZtOzc62UGSRM-IQwFn-Cwa3XrNJG_eH568XSauI883WE6mwJhirz6uOjBZyBknt-OTU17w5uk7saYIK
45	fk-vR9ek8Jk:APA91bFro3F-Nlsj4rJDM7M-k96a4oZ_EGF4duJ83imy09eWD2slH3bG8-39MxyHjK1Bgg1EE6OuLm3q8s7666Skm4Ia4VcBXJvIlTjOSrgZieVRR2uLKVpKG9cAKjyc_QU01BZuto1F
46	fX58BO7sAYY:APA91bHjGrcmj0pv8fJsrKyFF2-Q-DowUFYLycU0eUYLuksQ6WftzAKvgI_vwnb3ezbSqLvqssb_PccmX3BURwmV0Jog2Uj1lTCZeC5pvu6G_M5YIRoVoKEXnGSt-LGG83yW2rs-lnOo
\.


--
-- TOC entry 3055 (class 0 OID 0)
-- Dependencies: 284
-- Name: token_android_id_seq; Type: SEQUENCE SET; Schema: notadinas; Owner: postgres
--

SELECT pg_catalog.setval('token_android_id_seq', 46, true);


--
-- TOC entry 2610 (class 2606 OID 86662)
-- Name: Attribute1; Type: CONSTRAINT; Schema: notadinas; Owner: postgres; Tablespace: 
--

ALTER TABLE ONLY log_proses_surat_keluar
    ADD CONSTRAINT "Attribute1" UNIQUE (id);


--
-- TOC entry 2614 (class 2606 OID 86664)
-- Name: Key10213; Type: CONSTRAINT; Schema: notadinas; Owner: postgres; Tablespace: 
--

ALTER TABLE ONLY log_proses_surat_keluar
    ADD CONSTRAINT "Key10213" PRIMARY KEY (id);


--
-- TOC entry 2587 (class 2606 OID 86666)
-- Name: Key10214; Type: CONSTRAINT; Schema: notadinas; Owner: postgres; Tablespace: 
--

ALTER TABLE ONLY disposisi_surat_keluar
    ADD CONSTRAINT "Key10214" PRIMARY KEY (id);


--
-- TOC entry 2594 (class 2606 OID 86668)
-- Name: Key11; Type: CONSTRAINT; Schema: notadinas; Owner: postgres; Tablespace: 
--

ALTER TABLE ONLY disposisi_surat_masuk
    ADD CONSTRAINT "Key11" PRIMARY KEY (id);


--
-- TOC entry 2618 (class 2606 OID 86670)
-- Name: Key112; Type: CONSTRAINT; Schema: notadinas; Owner: postgres; Tablespace: 
--

ALTER TABLE ONLY log_proses_surat_masuk
    ADD CONSTRAINT "Key112" PRIMARY KEY (id);


--
-- TOC entry 2622 (class 2606 OID 86672)
-- Name: Key14; Type: CONSTRAINT; Schema: notadinas; Owner: postgres; Tablespace: 
--

ALTER TABLE ONLY master_aksi
    ADD CONSTRAINT "Key14" PRIMARY KEY (id);


--
-- TOC entry 2692 (class 2606 OID 86674)
-- Name: Key3; Type: CONSTRAINT; Schema: notadinas; Owner: postgres; Tablespace: 
--

ALTER TABLE ONLY master_user
    ADD CONSTRAINT "Key3" PRIMARY KEY (id);


--
-- TOC entry 2643 (class 2606 OID 86676)
-- Name: Key4; Type: CONSTRAINT; Schema: notadinas; Owner: postgres; Tablespace: 
--

ALTER TABLE ONLY master_jabatan
    ADD CONSTRAINT "Key4" PRIMARY KEY (id);


--
-- TOC entry 2673 (class 2606 OID 86678)
-- Name: Key5; Type: CONSTRAINT; Schema: notadinas; Owner: postgres; Tablespace: 
--

ALTER TABLE ONLY master_satuan
    ADD CONSTRAINT "Key5" PRIMARY KEY (id);


--
-- TOC entry 2685 (class 2606 OID 86680)
-- Name: Key6; Type: CONSTRAINT; Schema: notadinas; Owner: postgres; Tablespace: 
--

ALTER TABLE ONLY master_tingkatan
    ADD CONSTRAINT "Key6" PRIMARY KEY (id);


--
-- TOC entry 2636 (class 2606 OID 86682)
-- Name: Key7; Type: CONSTRAINT; Schema: notadinas; Owner: postgres; Tablespace: 
--

ALTER TABLE ONLY master_grup
    ADD CONSTRAINT "Key7" PRIMARY KEY (id);


--
-- TOC entry 2698 (class 2606 OID 86684)
-- Name: Key8; Type: CONSTRAINT; Schema: notadinas; Owner: postgres; Tablespace: 
--

ALTER TABLE ONLY nota_dinas
    ADD CONSTRAINT "Key8" PRIMARY KEY (id);


--
-- TOC entry 2716 (class 2606 OID 86686)
-- Name: Key822; Type: CONSTRAINT; Schema: notadinas; Owner: postgres; Tablespace: 
--

ALTER TABLE ONLY surat_masuk
    ADD CONSTRAINT "Key822" PRIMARY KEY (id);


--
-- TOC entry 2710 (class 2606 OID 86688)
-- Name: Key855; Type: CONSTRAINT; Schema: notadinas; Owner: postgres; Tablespace: 
--

ALTER TABLE ONLY surat_keluar
    ADD CONSTRAINT "Key855" PRIMARY KEY (id);


--
-- TOC entry 2707 (class 2606 OID 86690)
-- Name: Key8a55; Type: CONSTRAINT; Schema: notadinas; Owner: postgres; Tablespace: 
--

ALTER TABLE ONLY surat_antar_kadis
    ADD CONSTRAINT "Key8a55" PRIMARY KEY (id);


--
-- TOC entry 2663 (class 2606 OID 86692)
-- Name: Key9; Type: CONSTRAINT; Schema: notadinas; Owner: postgres; Tablespace: 
--

ALTER TABLE ONLY master_proses_surat_masuk
    ADD CONSTRAINT "Key9" PRIMARY KEY (id);


--
-- TOC entry 2659 (class 2606 OID 86694)
-- Name: Key922; Type: CONSTRAINT; Schema: notadinas; Owner: postgres; Tablespace: 
--

ALTER TABLE ONLY master_proses_surat_keluar
    ADD CONSTRAINT "Key922" PRIMARY KEY (id);


--
-- TOC entry 2575 (class 2606 OID 86696)
-- Name: aksi_disposisi_surat_masuk_pkey; Type: CONSTRAINT; Schema: notadinas; Owner: postgres; Tablespace: 
--

ALTER TABLE ONLY aksi_disposisi_surat_masuk
    ADD CONSTRAINT aksi_disposisi_surat_masuk_pkey PRIMARY KEY (id_aksi_disposisi_surat_masuk);


--
-- TOC entry 2577 (class 2606 OID 86698)
-- Name: aksi_disposisi_surat_masuk_satuan_pkey; Type: CONSTRAINT; Schema: notadinas; Owner: postgres; Tablespace: 
--

ALTER TABLE ONLY aksi_disposisi_surat_masuk_satuan
    ADD CONSTRAINT aksi_disposisi_surat_masuk_satuan_pkey PRIMARY KEY (id_disposisi_surat_masuk_satuan);


--
-- TOC entry 2579 (class 2606 OID 86700)
-- Name: arsip_surat_masuk_pkey; Type: CONSTRAINT; Schema: notadinas; Owner: postgres; Tablespace: 
--

ALTER TABLE ONLY arsip_surat_masuk
    ADD CONSTRAINT arsip_surat_masuk_pkey PRIMARY KEY (id_arisp_surat_masuk);


--
-- TOC entry 2608 (class 2606 OID 86702)
-- Name: asKey10213; Type: CONSTRAINT; Schema: notadinas; Owner: postgres; Tablespace: 
--

ALTER TABLE ONLY log_proses_surat_antar_kadis
    ADD CONSTRAINT "asKey10213" PRIMARY KEY (id);


--
-- TOC entry 2581 (class 2606 OID 86704)
-- Name: disposisi_nota_dinas_pkey; Type: CONSTRAINT; Schema: notadinas; Owner: postgres; Tablespace: 
--

ALTER TABLE ONLY disposisi_nota_dinas
    ADD CONSTRAINT disposisi_nota_dinas_pkey PRIMARY KEY (id);


--
-- TOC entry 2598 (class 2606 OID 86706)
-- Name: feedback_nota_dinas_pkey; Type: CONSTRAINT; Schema: notadinas; Owner: postgres; Tablespace: 
--

ALTER TABLE ONLY feedback_nota_dinas
    ADD CONSTRAINT feedback_nota_dinas_pkey PRIMARY KEY (id_feednota);


--
-- TOC entry 2600 (class 2606 OID 86708)
-- Name: feedback_surat_masuk_pkey; Type: CONSTRAINT; Schema: notadinas; Owner: postgres; Tablespace: 
--

ALTER TABLE ONLY feedback_surat_masuk
    ADD CONSTRAINT feedback_surat_masuk_pkey PRIMARY KEY (id_feedback);


--
-- TOC entry 2694 (class 2606 OID 86710)
-- Name: id1; Type: CONSTRAINT; Schema: notadinas; Owner: postgres; Tablespace: 
--

ALTER TABLE ONLY master_user
    ADD CONSTRAINT id1 UNIQUE (id);


--
-- TOC entry 2712 (class 2606 OID 86712)
-- Name: id11; Type: CONSTRAINT; Schema: notadinas; Owner: postgres; Tablespace: 
--

ALTER TABLE ONLY surat_keluar
    ADD CONSTRAINT id11 UNIQUE (id);


--
-- TOC entry 2661 (class 2606 OID 86714)
-- Name: id12; Type: CONSTRAINT; Schema: notadinas; Owner: postgres; Tablespace: 
--

ALTER TABLE ONLY master_proses_surat_keluar
    ADD CONSTRAINT id12 UNIQUE (id);


--
-- TOC entry 2701 (class 2606 OID 86716)
-- Name: id13; Type: CONSTRAINT; Schema: notadinas; Owner: postgres; Tablespace: 
--

ALTER TABLE ONLY nota_dinas
    ADD CONSTRAINT id13 UNIQUE (id);


--
-- TOC entry 2589 (class 2606 OID 86718)
-- Name: id14; Type: CONSTRAINT; Schema: notadinas; Owner: postgres; Tablespace: 
--

ALTER TABLE ONLY disposisi_surat_keluar
    ADD CONSTRAINT id14 UNIQUE (id);


--
-- TOC entry 2624 (class 2606 OID 86720)
-- Name: id15; Type: CONSTRAINT; Schema: notadinas; Owner: postgres; Tablespace: 
--

ALTER TABLE ONLY master_aksi
    ADD CONSTRAINT id15 UNIQUE (id);


--
-- TOC entry 2645 (class 2606 OID 86722)
-- Name: id2; Type: CONSTRAINT; Schema: notadinas; Owner: postgres; Tablespace: 
--

ALTER TABLE ONLY master_jabatan
    ADD CONSTRAINT id2 UNIQUE (id);


--
-- TOC entry 2675 (class 2606 OID 86724)
-- Name: id3; Type: CONSTRAINT; Schema: notadinas; Owner: postgres; Tablespace: 
--

ALTER TABLE ONLY master_satuan
    ADD CONSTRAINT id3 UNIQUE (id);


--
-- TOC entry 2687 (class 2606 OID 86726)
-- Name: id4; Type: CONSTRAINT; Schema: notadinas; Owner: postgres; Tablespace: 
--

ALTER TABLE ONLY master_tingkatan
    ADD CONSTRAINT id4 UNIQUE (id);


--
-- TOC entry 2638 (class 2606 OID 86728)
-- Name: id5; Type: CONSTRAINT; Schema: notadinas; Owner: postgres; Tablespace: 
--

ALTER TABLE ONLY master_grup
    ADD CONSTRAINT id5 UNIQUE (id);


--
-- TOC entry 2718 (class 2606 OID 86730)
-- Name: id6; Type: CONSTRAINT; Schema: notadinas; Owner: postgres; Tablespace: 
--

ALTER TABLE ONLY surat_masuk
    ADD CONSTRAINT id6 UNIQUE (id);


--
-- TOC entry 2665 (class 2606 OID 86732)
-- Name: id7; Type: CONSTRAINT; Schema: notadinas; Owner: postgres; Tablespace: 
--

ALTER TABLE ONLY master_proses_surat_masuk
    ADD CONSTRAINT id7 UNIQUE (id);


--
-- TOC entry 2620 (class 2606 OID 86734)
-- Name: id8; Type: CONSTRAINT; Schema: notadinas; Owner: postgres; Tablespace: 
--

ALTER TABLE ONLY log_proses_surat_masuk
    ADD CONSTRAINT id8 UNIQUE (id);


--
-- TOC entry 2596 (class 2606 OID 86736)
-- Name: id9; Type: CONSTRAINT; Schema: notadinas; Owner: postgres; Tablespace: 
--

ALTER TABLE ONLY disposisi_surat_masuk
    ADD CONSTRAINT id9 UNIQUE (id);


--
-- TOC entry 2602 (class 2606 OID 86738)
-- Name: kegiatan_dinas_pkey; Type: CONSTRAINT; Schema: notadinas; Owner: postgres; Tablespace: 
--

ALTER TABLE ONLY kegiatan_dinas
    ADD CONSTRAINT kegiatan_dinas_pkey PRIMARY KEY (id_kegiatan);


--
-- TOC entry 2606 (class 2606 OID 86740)
-- Name: log_proses_nota_dinas_pkey; Type: CONSTRAINT; Schema: notadinas; Owner: postgres; Tablespace: 
--

ALTER TABLE ONLY log_proses_nota_dinas
    ADD CONSTRAINT log_proses_nota_dinas_pkey PRIMARY KEY (id);


--
-- TOC entry 2626 (class 2606 OID 86742)
-- Name: master_arsip_surat_pkey; Type: CONSTRAINT; Schema: notadinas; Owner: postgres; Tablespace: 
--

ALTER TABLE ONLY master_arsip_surat
    ADD CONSTRAINT master_arsip_surat_pkey PRIMARY KEY (id_arsip_surat);


--
-- TOC entry 2628 (class 2606 OID 86744)
-- Name: master_box_pkey; Type: CONSTRAINT; Schema: notadinas; Owner: postgres; Tablespace: 
--

ALTER TABLE ONLY master_box
    ADD CONSTRAINT master_box_pkey PRIMARY KEY (id_box);


--
-- TOC entry 2632 (class 2606 OID 86746)
-- Name: master_derajat_pkey; Type: CONSTRAINT; Schema: notadinas; Owner: postgres; Tablespace: 
--

ALTER TABLE ONLY master_derajat
    ADD CONSTRAINT master_derajat_pkey PRIMARY KEY (id_master_derajat);


--
-- TOC entry 2634 (class 2606 OID 86748)
-- Name: master_doktrin_pkey; Type: CONSTRAINT; Schema: notadinas; Owner: postgres; Tablespace: 
--

ALTER TABLE ONLY master_doktrin
    ADD CONSTRAINT master_doktrin_pkey PRIMARY KEY (id_doktrin);


--
-- TOC entry 2647 (class 2606 OID 86750)
-- Name: master_jenis_surat_masuk_pkey; Type: CONSTRAINT; Schema: notadinas; Owner: postgres; Tablespace: 
--

ALTER TABLE ONLY master_jenis_surat_masuk
    ADD CONSTRAINT master_jenis_surat_masuk_pkey PRIMARY KEY (id_jenis_surat_masuk);


--
-- TOC entry 2649 (class 2606 OID 86752)
-- Name: master_kategori_pkey; Type: CONSTRAINT; Schema: notadinas; Owner: postgres; Tablespace: 
--

ALTER TABLE ONLY master_kategori
    ADD CONSTRAINT master_kategori_pkey PRIMARY KEY (id_kategori);


--
-- TOC entry 2651 (class 2606 OID 86754)
-- Name: master_klarifikasi_surat_pkey; Type: CONSTRAINT; Schema: notadinas; Owner: postgres; Tablespace: 
--

ALTER TABLE ONLY master_klasifikasi_surat
    ADD CONSTRAINT master_klarifikasi_surat_pkey PRIMARY KEY (id_klasifikasi);


--
-- TOC entry 2630 (class 2606 OID 86756)
-- Name: master_klasifikasi_surat_masuk_pkey; Type: CONSTRAINT; Schema: notadinas; Owner: postgres; Tablespace: 
--

ALTER TABLE ONLY master_klasifikasi_surat_masuk
    ADD CONSTRAINT master_klasifikasi_surat_masuk_pkey PRIMARY KEY (id_master_klasifikasi_surat_masuk);


--
-- TOC entry 2653 (class 2606 OID 86758)
-- Name: master_lemari_pkey; Type: CONSTRAINT; Schema: notadinas; Owner: postgres; Tablespace: 
--

ALTER TABLE ONLY master_lemari
    ADD CONSTRAINT master_lemari_pkey PRIMARY KEY (id_lemari);


--
-- TOC entry 2655 (class 2606 OID 86760)
-- Name: master_proses_nota_dinas_id_key; Type: CONSTRAINT; Schema: notadinas; Owner: postgres; Tablespace: 
--

ALTER TABLE ONLY master_proses_nota_dinas
    ADD CONSTRAINT master_proses_nota_dinas_id_key UNIQUE (id);


--
-- TOC entry 2657 (class 2606 OID 86762)
-- Name: master_proses_nota_dinas_pkey; Type: CONSTRAINT; Schema: notadinas; Owner: postgres; Tablespace: 
--

ALTER TABLE ONLY master_proses_nota_dinas
    ADD CONSTRAINT master_proses_nota_dinas_pkey PRIMARY KEY (id);


--
-- TOC entry 2667 (class 2606 OID 86764)
-- Name: master_rak_pkey; Type: CONSTRAINT; Schema: notadinas; Owner: postgres; Tablespace: 
--

ALTER TABLE ONLY master_rak
    ADD CONSTRAINT master_rak_pkey PRIMARY KEY (id_rak);


--
-- TOC entry 2669 (class 2606 OID 86766)
-- Name: master_ruang_pkey; Type: CONSTRAINT; Schema: notadinas; Owner: postgres; Tablespace: 
--

ALTER TABLE ONLY master_ruang
    ADD CONSTRAINT master_ruang_pkey PRIMARY KEY (id_ruang);


--
-- TOC entry 2671 (class 2606 OID 86768)
-- Name: master_ruangkrj_pkey; Type: CONSTRAINT; Schema: notadinas; Owner: postgres; Tablespace: 
--

ALTER TABLE ONLY master_ruangkrj
    ADD CONSTRAINT master_ruangkrj_pkey PRIMARY KEY (id_ruang_kerja);


--
-- TOC entry 2677 (class 2606 OID 86770)
-- Name: master_subjabatan_pkey; Type: CONSTRAINT; Schema: notadinas; Owner: postgres; Tablespace: 
--

ALTER TABLE ONLY master_subjabatan
    ADD CONSTRAINT master_subjabatan_pkey PRIMARY KEY (id_subjabatan);


--
-- TOC entry 2679 (class 2606 OID 86772)
-- Name: master_surat_keluar_pkey; Type: CONSTRAINT; Schema: notadinas; Owner: postgres; Tablespace: 
--

ALTER TABLE ONLY master_surat_keluar
    ADD CONSTRAINT master_surat_keluar_pkey PRIMARY KEY (id_master_surat_keluar);


--
-- TOC entry 2681 (class 2606 OID 86774)
-- Name: master_surat_masuk_pkey; Type: CONSTRAINT; Schema: notadinas; Owner: postgres; Tablespace: 
--

ALTER TABLE ONLY master_surat_masuk
    ADD CONSTRAINT master_surat_masuk_pkey PRIMARY KEY (id_master_surat_masuk);


--
-- TOC entry 2683 (class 2606 OID 86776)
-- Name: master_task_pkey; Type: CONSTRAINT; Schema: notadinas; Owner: postgres; Tablespace: 
--

ALTER TABLE ONLY master_task
    ADD CONSTRAINT master_task_pkey PRIMARY KEY (id_task);


--
-- TOC entry 2689 (class 2606 OID 86778)
-- Name: master_tujuan_pkey; Type: CONSTRAINT; Schema: notadinas; Owner: postgres; Tablespace: 
--

ALTER TABLE ONLY master_tujuan
    ADD CONSTRAINT master_tujuan_pkey PRIMARY KEY (id);


--
-- TOC entry 2703 (class 2606 OID 86780)
-- Name: notif_sk_pkey; Type: CONSTRAINT; Schema: notadinas; Owner: postgres; Tablespace: 
--

ALTER TABLE ONLY notif_sk
    ADD CONSTRAINT notif_sk_pkey PRIMARY KEY (id_notif);


--
-- TOC entry 2705 (class 2606 OID 86782)
-- Name: notif_sm_pkey; Type: CONSTRAINT; Schema: notadinas; Owner: postgres; Tablespace: 
--

ALTER TABLE ONLY notif_sm
    ADD CONSTRAINT notif_sm_pkey PRIMARY KEY (id_notif);


--
-- TOC entry 2720 (class 2606 OID 86784)
-- Name: tembusan_nota_dinas_pkey; Type: CONSTRAINT; Schema: notadinas; Owner: postgres; Tablespace: 
--

ALTER TABLE ONLY tembusan_nota_dinas
    ADD CONSTRAINT tembusan_nota_dinas_pkey PRIMARY KEY (id);


--
-- TOC entry 2724 (class 2606 OID 86786)
-- Name: tembusan_surat_antar_kadis_pkey; Type: CONSTRAINT; Schema: notadinas; Owner: postgres; Tablespace: 
--

ALTER TABLE ONLY tembusan_surat_antar_kadis_backup
    ADD CONSTRAINT tembusan_surat_antar_kadis_pkey PRIMARY KEY (id);


--
-- TOC entry 2722 (class 2606 OID 86788)
-- Name: tembusan_surat_antar_kadissaaaw_pkey; Type: CONSTRAINT; Schema: notadinas; Owner: postgres; Tablespace: 
--

ALTER TABLE ONLY tembusan_surat_antar_kadis
    ADD CONSTRAINT tembusan_surat_antar_kadissaaaw_pkey PRIMARY KEY (id);


--
-- TOC entry 2726 (class 2606 OID 86790)
-- Name: tembusan_surat_keluar_pkey; Type: CONSTRAINT; Schema: notadinas; Owner: postgres; Tablespace: 
--

ALTER TABLE ONLY tembusan_surat_keluar
    ADD CONSTRAINT tembusan_surat_keluar_pkey PRIMARY KEY (id);


--
-- TOC entry 2728 (class 2606 OID 86792)
-- Name: token_android_pkey; Type: CONSTRAINT; Schema: notadinas; Owner: postgres; Tablespace: 
--

ALTER TABLE ONLY token_android
    ADD CONSTRAINT token_android_pkey PRIMARY KEY (id);


--
-- TOC entry 2713 (class 1259 OID 86951)
-- Name: IX_Relationship10; Type: INDEX; Schema: notadinas; Owner: postgres; Tablespace: 
--

CREATE INDEX "IX_Relationship10" ON surat_masuk USING btree (create_by);


--
-- TOC entry 2590 (class 1259 OID 86952)
-- Name: IX_Relationship12; Type: INDEX; Schema: notadinas; Owner: postgres; Tablespace: 
--

CREATE INDEX "IX_Relationship12" ON disposisi_surat_masuk USING btree (penerima_disposisi);


--
-- TOC entry 2591 (class 1259 OID 86953)
-- Name: IX_Relationship13; Type: INDEX; Schema: notadinas; Owner: postgres; Tablespace: 
--

CREATE INDEX "IX_Relationship13" ON disposisi_surat_masuk USING btree (id_log_proses);


--
-- TOC entry 2615 (class 1259 OID 86954)
-- Name: IX_Relationship14; Type: INDEX; Schema: notadinas; Owner: postgres; Tablespace: 
--

CREATE INDEX "IX_Relationship14" ON log_proses_surat_masuk USING btree (id_proses);


--
-- TOC entry 2708 (class 1259 OID 86955)
-- Name: IX_Relationship17; Type: INDEX; Schema: notadinas; Owner: postgres; Tablespace: 
--

CREATE INDEX "IX_Relationship17" ON surat_keluar USING btree (create_by);


--
-- TOC entry 2690 (class 1259 OID 86956)
-- Name: IX_Relationship2; Type: INDEX; Schema: notadinas; Owner: postgres; Tablespace: 
--

CREATE INDEX "IX_Relationship2" ON master_user USING btree (jabatan);


--
-- TOC entry 2695 (class 1259 OID 86957)
-- Name: IX_Relationship20; Type: INDEX; Schema: notadinas; Owner: postgres; Tablespace: 
--

CREATE INDEX "IX_Relationship20" ON nota_dinas USING btree (create_by);


--
-- TOC entry 2696 (class 1259 OID 86958)
-- Name: IX_Relationship21; Type: INDEX; Schema: notadinas; Owner: postgres; Tablespace: 
--

CREATE INDEX "IX_Relationship21" ON nota_dinas USING btree (kepada);


--
-- TOC entry 2592 (class 1259 OID 86959)
-- Name: IX_Relationship22; Type: INDEX; Schema: notadinas; Owner: postgres; Tablespace: 
--

CREATE INDEX "IX_Relationship22" ON disposisi_surat_masuk USING btree (aksi);


--
-- TOC entry 2611 (class 1259 OID 86960)
-- Name: IX_Relationship24; Type: INDEX; Schema: notadinas; Owner: postgres; Tablespace: 
--

CREATE INDEX "IX_Relationship24" ON log_proses_surat_keluar USING btree (id_suratkeluar);


--
-- TOC entry 2584 (class 1259 OID 86961)
-- Name: IX_Relationship25; Type: INDEX; Schema: notadinas; Owner: postgres; Tablespace: 
--

CREATE INDEX "IX_Relationship25" ON disposisi_surat_keluar USING btree (id_log_proses);


--
-- TOC entry 2585 (class 1259 OID 86962)
-- Name: IX_Relationship26; Type: INDEX; Schema: notadinas; Owner: postgres; Tablespace: 
--

CREATE INDEX "IX_Relationship26" ON disposisi_surat_keluar USING btree (penerima_disposisi);


--
-- TOC entry 2612 (class 1259 OID 86963)
-- Name: IX_Relationship27; Type: INDEX; Schema: notadinas; Owner: postgres; Tablespace: 
--

CREATE INDEX "IX_Relationship27" ON log_proses_surat_keluar USING btree (id_proses);


--
-- TOC entry 2639 (class 1259 OID 86964)
-- Name: IX_Relationship3; Type: INDEX; Schema: notadinas; Owner: postgres; Tablespace: 
--

CREATE INDEX "IX_Relationship3" ON master_jabatan USING btree (satuan);


--
-- TOC entry 2640 (class 1259 OID 86965)
-- Name: IX_Relationship4; Type: INDEX; Schema: notadinas; Owner: postgres; Tablespace: 
--

CREATE INDEX "IX_Relationship4" ON master_jabatan USING btree (tingkatan);


--
-- TOC entry 2641 (class 1259 OID 86966)
-- Name: IX_Relationship5; Type: INDEX; Schema: notadinas; Owner: postgres; Tablespace: 
--

CREATE INDEX "IX_Relationship5" ON master_jabatan USING btree (grup);


--
-- TOC entry 2714 (class 1259 OID 86967)
-- Name: IX_Relationship8; Type: INDEX; Schema: notadinas; Owner: postgres; Tablespace: 
--

CREATE INDEX "IX_Relationship8" ON surat_masuk USING btree (kepada);


--
-- TOC entry 2616 (class 1259 OID 86968)
-- Name: IX_Relationship9; Type: INDEX; Schema: notadinas; Owner: postgres; Tablespace: 
--

CREATE INDEX "IX_Relationship9" ON log_proses_surat_masuk USING btree (id_suratmasuk);


--
-- TOC entry 2699 (class 1259 OID 86969)
-- Name: fki_kegiatan_id; Type: INDEX; Schema: notadinas; Owner: postgres; Tablespace: 
--

CREATE INDEX fki_kegiatan_id ON nota_dinas USING btree (kegiatan_id);


--
-- TOC entry 2582 (class 1259 OID 86970)
-- Name: fki_log_proses_nota_dinas; Type: INDEX; Schema: notadinas; Owner: postgres; Tablespace: 
--

CREATE INDEX fki_log_proses_nota_dinas ON disposisi_nota_dinas USING btree (id_log_proses);


--
-- TOC entry 2583 (class 1259 OID 86971)
-- Name: fki_master_jabatan_nota_dinas; Type: INDEX; Schema: notadinas; Owner: postgres; Tablespace: 
--

CREATE INDEX fki_master_jabatan_nota_dinas ON disposisi_nota_dinas USING btree (penerima_disposisi);


--
-- TOC entry 2603 (class 1259 OID 86972)
-- Name: fki_nota_dinas_log; Type: INDEX; Schema: notadinas; Owner: postgres; Tablespace: 
--

CREATE INDEX fki_nota_dinas_log ON log_proses_nota_dinas USING btree (id_notadinas);


--
-- TOC entry 2604 (class 1259 OID 86973)
-- Name: fki_proses_nota_dinas; Type: INDEX; Schema: notadinas; Owner: postgres; Tablespace: 
--

CREATE INDEX fki_proses_nota_dinas ON log_proses_nota_dinas USING btree (id_proses);


--
-- TOC entry 2734 (class 2606 OID 87084)
-- Name: Raselationship27; Type: FK CONSTRAINT; Schema: notadinas; Owner: postgres
--

ALTER TABLE ONLY log_proses_surat_antar_kadis
    ADD CONSTRAINT "Raselationship27" FOREIGN KEY (id_proses) REFERENCES master_proses_surat_keluar(id);


--
-- TOC entry 2735 (class 2606 OID 87089)
-- Name: Reaslationship24; Type: FK CONSTRAINT; Schema: notadinas; Owner: postgres
--

ALTER TABLE ONLY log_proses_surat_antar_kadis
    ADD CONSTRAINT "Reaslationship24" FOREIGN KEY (id_surat) REFERENCES surat_antar_kadis(id);


--
-- TOC entry 2748 (class 2606 OID 87094)
-- Name: Relationship10; Type: FK CONSTRAINT; Schema: notadinas; Owner: postgres
--

ALTER TABLE ONLY surat_masuk
    ADD CONSTRAINT "Relationship10" FOREIGN KEY (create_by) REFERENCES master_user(id);


--
-- TOC entry 2747 (class 2606 OID 87099)
-- Name: Relationship17; Type: FK CONSTRAINT; Schema: notadinas; Owner: postgres
--

ALTER TABLE ONLY surat_keluar
    ADD CONSTRAINT "Relationship17" FOREIGN KEY (create_by) REFERENCES master_user(id);


--
-- TOC entry 2742 (class 2606 OID 87104)
-- Name: Relationship2; Type: FK CONSTRAINT; Schema: notadinas; Owner: postgres
--

ALTER TABLE ONLY master_user
    ADD CONSTRAINT "Relationship2" FOREIGN KEY (jabatan) REFERENCES master_jabatan(id);


--
-- TOC entry 2743 (class 2606 OID 87521)
-- Name: Relationship20; Type: FK CONSTRAINT; Schema: notadinas; Owner: postgres
--

ALTER TABLE ONLY nota_dinas
    ADD CONSTRAINT "Relationship20" FOREIGN KEY (create_by) REFERENCES master_user(id);


--
-- TOC entry 2744 (class 2606 OID 87526)
-- Name: Relationship21; Type: FK CONSTRAINT; Schema: notadinas; Owner: postgres
--

ALTER TABLE ONLY nota_dinas
    ADD CONSTRAINT "Relationship21" FOREIGN KEY (kepada) REFERENCES master_user(id);


--
-- TOC entry 2736 (class 2606 OID 87119)
-- Name: Relationship24; Type: FK CONSTRAINT; Schema: notadinas; Owner: postgres
--

ALTER TABLE ONLY log_proses_surat_keluar
    ADD CONSTRAINT "Relationship24" FOREIGN KEY (id_suratkeluar) REFERENCES surat_keluar(id);


--
-- TOC entry 2731 (class 2606 OID 87124)
-- Name: Relationship25; Type: FK CONSTRAINT; Schema: notadinas; Owner: postgres
--

ALTER TABLE ONLY disposisi_surat_keluar
    ADD CONSTRAINT "Relationship25" FOREIGN KEY (id_log_proses) REFERENCES log_proses_surat_keluar(id);


--
-- TOC entry 2732 (class 2606 OID 87129)
-- Name: Relationship26; Type: FK CONSTRAINT; Schema: notadinas; Owner: postgres
--

ALTER TABLE ONLY disposisi_surat_keluar
    ADD CONSTRAINT "Relationship26" FOREIGN KEY (penerima_disposisi) REFERENCES master_jabatan(id);


--
-- TOC entry 2737 (class 2606 OID 87134)
-- Name: Relationship27; Type: FK CONSTRAINT; Schema: notadinas; Owner: postgres
--

ALTER TABLE ONLY log_proses_surat_keluar
    ADD CONSTRAINT "Relationship27" FOREIGN KEY (id_proses) REFERENCES master_proses_surat_keluar(id);


--
-- TOC entry 2739 (class 2606 OID 87139)
-- Name: Relationship3; Type: FK CONSTRAINT; Schema: notadinas; Owner: postgres
--

ALTER TABLE ONLY master_jabatan
    ADD CONSTRAINT "Relationship3" FOREIGN KEY (satuan) REFERENCES master_satuan(id);


--
-- TOC entry 2740 (class 2606 OID 87144)
-- Name: Relationship4; Type: FK CONSTRAINT; Schema: notadinas; Owner: postgres
--

ALTER TABLE ONLY master_jabatan
    ADD CONSTRAINT "Relationship4" FOREIGN KEY (tingkatan) REFERENCES master_tingkatan(id);


--
-- TOC entry 2741 (class 2606 OID 87149)
-- Name: Relationship5; Type: FK CONSTRAINT; Schema: notadinas; Owner: postgres
--

ALTER TABLE ONLY master_jabatan
    ADD CONSTRAINT "Relationship5" FOREIGN KEY (grup) REFERENCES master_grup(id);


--
-- TOC entry 2749 (class 2606 OID 87154)
-- Name: Relationship8; Type: FK CONSTRAINT; Schema: notadinas; Owner: postgres
--

ALTER TABLE ONLY surat_masuk
    ADD CONSTRAINT "Relationship8" FOREIGN KEY (kepada) REFERENCES master_jabatan(id);


--
-- TOC entry 2738 (class 2606 OID 87159)
-- Name: Relationship9; Type: FK CONSTRAINT; Schema: notadinas; Owner: postgres
--

ALTER TABLE ONLY log_proses_surat_masuk
    ADD CONSTRAINT "Relationship9" FOREIGN KEY (id_suratmasuk) REFERENCES surat_masuk(id);


--
-- TOC entry 2746 (class 2606 OID 87164)
-- Name: Relatiqwonship17; Type: FK CONSTRAINT; Schema: notadinas; Owner: postgres
--

ALTER TABLE ONLY surat_antar_kadis
    ADD CONSTRAINT "Relatiqwonship17" FOREIGN KEY (create_by) REFERENCES master_user(id);


--
-- TOC entry 2745 (class 2606 OID 87531)
-- Name: fk_kegiatan_id; Type: FK CONSTRAINT; Schema: notadinas; Owner: postgres
--

ALTER TABLE ONLY nota_dinas
    ADD CONSTRAINT fk_kegiatan_id FOREIGN KEY (kegiatan_id) REFERENCES kegiatan_dinas(id_kegiatan);


--
-- TOC entry 2729 (class 2606 OID 87174)
-- Name: fk_log_proses_nota_dinas; Type: FK CONSTRAINT; Schema: notadinas; Owner: postgres
--

ALTER TABLE ONLY disposisi_nota_dinas
    ADD CONSTRAINT fk_log_proses_nota_dinas FOREIGN KEY (id_log_proses) REFERENCES log_proses_nota_dinas(id);


--
-- TOC entry 2730 (class 2606 OID 87179)
-- Name: fk_master_jabatan_nota_dinas; Type: FK CONSTRAINT; Schema: notadinas; Owner: postgres
--

ALTER TABLE ONLY disposisi_nota_dinas
    ADD CONSTRAINT fk_master_jabatan_nota_dinas FOREIGN KEY (penerima_disposisi) REFERENCES master_jabatan(id);


--
-- TOC entry 2733 (class 2606 OID 87184)
-- Name: fk_proses_nota_dinas; Type: FK CONSTRAINT; Schema: notadinas; Owner: postgres
--

ALTER TABLE ONLY log_proses_nota_dinas
    ADD CONSTRAINT fk_proses_nota_dinas FOREIGN KEY (id_proses) REFERENCES master_proses_nota_dinas(id);


-- Completed on 2018-08-15 22:01:47

--
-- PostgreSQL database dump complete
--

